customer_id,last_purchase,total_amount,tx_count,days_since_last,label
1,2024-12-03 07:00:00,433.04,11,27,1
2,2024-12-26 12:00:00,986.36,11,4,1
3,2024-10-28 21:00:00,678.74,9,63,0
4,2024-12-05 19:00:00,764.18,9,25,1
5,2024-12-27 21:00:00,537.76,9,3,1
6,2024-11-28 15:00:00,252.03,5,32,0
7,2024-11-09 21:00:00,409.86,10,51,1
8,2024-12-06 00:00:00,221.99,4,24,0
9,2024-12-11 12:00:00,498.07,8,19,0
10,2024-12-11 12:00:00,496.65,7,19,0
11,2024-08-05 01:00:00,322.36,5,147,0
12,2024-12-21 08:00:00,649.8,10,9,1
13,2024-10-01 00:00:00,117.95,4,90,0
14,2024-04-25 10:00:00,11.01,1,249,0
15,2024-11-21 17:00:00,585.0699999999999,10,39,1
16,2024-11-28 02:00:00,1601.61,17,32,1
17,2024-12-09 11:00:00,335.99,6,21,0
18,2024-10-10 03:00:00,423.95,6,81,0
19,2024-12-22 02:00:00,276.28,8,8,0
20,2024-11-16 07:00:00,673.32,6,44,0
21,2024-10-11 08:00:00,542.78,12,80,0
22,2024-12-01 09:00:00,741.61,11,29,1
23,2024-09-25 22:00:00,400.43,8,96,0
24,2024-12-26 21:00:00,328.43,7,4,0
25,2024-12-19 02:00:00,370.57,8,11,0
26,2024-10-25 12:00:00,590.6,10,66,0
27,2024-12-13 07:00:00,657.54,12,17,1
28,2024-12-07 17:00:00,401.1,7,23,0
29,2024-07-01 07:00:00,419.98,7,182,0
30,2024-12-24 15:00:00,537.81,13,6,1
31,2024-11-16 20:00:00,297.55,5,44,0
32,2024-12-05 12:00:00,595.33,7,25,0
33,2024-08-23 05:00:00,598.75,9,129,0
34,2024-08-11 18:00:00,234.17000000000002,4,141,0
35,2024-12-16 00:00:00,648.53,8,14,0
36,2024-09-04 11:00:00,497.98,7,117,0
37,2024-10-08 08:00:00,448.6,6,83,0
38,2024-12-10 15:00:00,627.83,12,20,1
39,2024-11-06 06:00:00,344.28,5,54,0
40,2024-10-02 07:00:00,887.58,11,89,0
41,2024-12-27 19:00:00,777.38,11,3,1
42,2024-10-30 12:00:00,255.01,6,61,0
43,2024-12-28 12:00:00,820.0600000000001,9,2,1
44,2024-11-14 08:00:00,147.60999999999999,6,46,0
45,2024-12-26 23:00:00,488.33,7,4,0
46,2024-12-30 05:00:00,944.04,8,0,0
47,2024-11-28 09:00:00,318.28999999999996,6,32,0
48,2024-10-14 01:00:00,248.87,5,77,0
49,2024-12-28 14:00:00,638.5,9,2,1
50,2024-12-13 16:00:00,119.08,6,17,0
51,2024-09-17 05:00:00,405.58000000000004,8,104,0
52,2024-09-25 01:00:00,603.1800000000001,11,96,0
53,2024-11-27 19:00:00,396.13,6,33,0
54,2024-09-05 14:00:00,229.43,5,116,0
55,2024-10-19 23:00:00,1273.86,16,72,0
56,2024-11-30 08:00:00,112.85,3,30,0
57,2024-07-24 11:00:00,246.98000000000002,2,159,0
58,2024-10-19 15:00:00,419.32,7,72,0
59,2024-09-18 01:00:00,332.41,6,103,0
60,2024-11-06 02:00:00,867.3599999999999,9,54,1
61,2024-11-30 17:00:00,351.98,5,30,0
62,2024-12-23 13:00:00,387.31,6,7,0
63,2024-11-09 07:00:00,824.02,10,51,1
64,2024-12-08 00:00:00,307.09000000000003,4,22,0
65,2024-12-02 02:00:00,586.38,13,28,1
66,2024-11-18 03:00:00,497.75,8,42,0
67,2024-12-22 07:00:00,482.45,9,8,1
68,2024-12-22 05:00:00,435.59000000000003,4,8,0
69,2024-10-14 05:00:00,540.83,11,77,0
70,2024-07-03 21:00:00,164.73,4,180,0
71,2024-10-28 00:00:00,518.56,7,63,0
72,2024-12-26 03:00:00,1344.83,11,4,1
73,2024-07-13 00:00:00,605.88,7,170,0
74,2024-12-16 09:00:00,279.73,7,14,0
75,2024-11-02 16:00:00,674.36,11,58,1
76,2024-09-25 17:00:00,213.94,5,96,0
77,2024-11-11 01:00:00,355.1,7,49,0
78,2024-10-29 14:00:00,334.85,6,62,0
79,2024-12-19 13:00:00,570.02,5,11,0
80,2024-12-24 21:00:00,307.12,8,6,0
81,2024-12-23 00:00:00,339.76,9,7,1
82,2024-12-23 05:00:00,793.33,12,7,1
83,2024-09-21 13:00:00,695.24,12,100,0
84,2024-12-02 14:00:00,538.74,7,28,0
85,2024-08-03 01:00:00,296.01,5,149,0
86,2024-11-19 10:00:00,283.37,6,41,0
87,2024-10-27 13:00:00,479.36,8,64,0
88,2024-11-18 10:00:00,869.2,11,42,1
89,2024-12-10 21:00:00,659.22,12,20,1
90,2024-10-12 16:00:00,492.49,8,79,0
91,2024-08-25 13:00:00,540.3399999999999,4,127,0
92,2024-09-28 17:00:00,259.34,5,93,0
93,2024-10-23 07:00:00,510.46,8,68,0
94,2024-12-04 20:00:00,579.3,8,26,0
95,2024-12-30 07:00:00,409.79,6,0,0
96,2024-12-17 10:00:00,527.24,7,13,0
97,2024-12-30 12:00:00,358.33,4,0,0
98,2024-11-24 20:00:00,511.96000000000004,8,36,0
99,2024-12-06 00:00:00,554.93,13,24,1
100,2024-12-27 12:00:00,808.36,13,3,1
101,2024-10-22 17:00:00,1069.23,14,69,0
102,2024-12-26 14:00:00,366.13,5,4,0
103,2024-12-14 14:00:00,284.52,5,16,0
104,2024-11-06 08:00:00,345.15,5,54,0
105,2024-10-16 07:00:00,935.8,11,75,0
106,2024-11-01 06:00:00,997.12,13,59,1
107,2024-12-11 11:00:00,1200.89,12,19,1
108,2024-12-29 16:00:00,334.57,6,1,0
109,2024-12-25 07:00:00,350.05,9,5,1
110,2024-11-23 20:00:00,415.07,9,37,1
111,2024-11-17 14:00:00,884.37,12,43,1
112,2024-11-12 00:00:00,871.41,11,48,1
113,2024-10-25 00:00:00,368.70000000000005,9,66,0
114,2024-12-04 23:00:00,207.84,8,26,0
115,2024-12-17 15:00:00,393.99,8,13,0
116,2024-12-02 16:00:00,406.09000000000003,8,28,0
117,2024-12-22 23:00:00,596.24,11,8,1
118,2024-11-16 19:00:00,462.22,9,44,1
119,2024-10-29 13:00:00,333.19,8,62,0
120,2024-12-03 01:00:00,89.76,4,27,0
121,2024-11-15 17:00:00,205.32,6,45,0
122,2024-12-14 08:00:00,548.91,10,16,1
123,2024-12-27 03:00:00,324.21999999999997,7,3,0
124,2024-12-16 02:00:00,210.63,9,14,1
125,2024-12-22 00:00:00,708.51,13,8,1
126,2024-12-02 13:00:00,409.08,10,28,1
127,2024-12-30 03:00:00,229.31,6,0,0
128,2024-12-29 16:00:00,835.16,7,1,0
129,2024-08-10 19:00:00,192.16,4,142,0
130,2024-12-20 01:00:00,338.36,9,10,1
131,2024-12-18 03:00:00,456.08000000000004,8,12,0
132,2024-11-03 18:00:00,502.63,9,57,1
133,2024-11-18 10:00:00,1126.67,12,42,1
134,2024-11-27 05:00:00,339.32,9,33,1
135,2024-11-12 01:00:00,307.94,4,48,0
136,2024-10-30 12:00:00,70.11,3,61,0
137,2024-12-24 15:00:00,632.5600000000001,7,6,0
138,2024-12-23 11:00:00,360.39,5,7,0
139,2024-12-20 03:00:00,374.34000000000003,9,10,1
140,2024-11-23 15:00:00,608.71,10,37,1
141,2024-12-01 18:00:00,488.99,11,29,1
142,2024-10-30 01:00:00,932.08,7,61,0
143,2024-12-14 12:00:00,556.87,10,16,1
144,2024-07-17 14:00:00,633.2800000000001,6,166,0
145,2024-09-18 04:00:00,476.53,7,103,0
146,2024-11-23 02:00:00,482.93,10,37,1
147,2024-12-30 05:00:00,644.0699999999999,10,0,1
148,2024-10-01 09:00:00,392.04999999999995,6,90,0
149,2024-12-20 05:00:00,1477.74,16,10,1
150,2024-12-17 10:00:00,891.55,9,13,1
151,2024-09-24 06:00:00,121.53,5,97,0
152,2024-12-01 13:00:00,546.41,13,29,1
153,2024-12-14 17:00:00,296.37,8,16,0
154,2024-10-07 17:00:00,366.15,7,84,0
155,2024-10-06 06:00:00,239.45,7,85,0
156,2024-12-29 02:00:00,510.36,11,1,1
157,2024-07-28 02:00:00,182.81,5,155,0
158,2024-12-28 01:00:00,222.9,8,2,0
159,2024-12-19 06:00:00,225.19,5,11,0
160,2024-09-28 16:00:00,243.54,7,93,0
161,2024-12-16 13:00:00,421.61,10,14,1
162,2024-12-14 08:00:00,395.86,7,16,0
163,2024-11-22 11:00:00,309.98,6,38,0
164,2024-10-30 20:00:00,573.96,9,61,0
165,2024-09-02 12:00:00,79.41,3,119,0
166,2024-12-24 13:00:00,757.39,5,6,0
167,2024-12-08 21:00:00,700.98,8,22,0
168,2024-12-14 22:00:00,310.36,8,16,0
169,2024-12-16 21:00:00,995.16,13,14,1
170,2024-12-30 07:00:00,440.08000000000004,7,0,0
171,2024-12-20 12:00:00,432.05,9,10,1
172,2024-12-05 18:00:00,449.85,8,25,0
173,2024-12-28 08:00:00,397.87,10,2,1
174,2024-11-26 12:00:00,453.93,9,34,1
175,2024-12-04 01:00:00,538.89,8,26,0
176,2024-11-15 11:00:00,430.98,5,45,0
177,2024-12-06 10:00:00,972.92,9,24,1
178,2024-12-14 07:00:00,416.99,7,16,0
179,2024-10-02 15:00:00,114.27,5,89,0
180,2024-10-28 09:00:00,569.6600000000001,8,63,0
181,2024-10-26 01:00:00,759.2,11,65,0
182,2024-11-24 00:00:00,401.42,9,36,1
183,2024-11-09 04:00:00,320.56,7,51,0
184,2024-12-21 08:00:00,394.82,9,9,1
185,2024-12-30 15:00:00,456.06,9,0,1
186,2024-11-21 22:00:00,541.72,8,39,0
187,2024-12-29 15:00:00,859.03,14,1,1
188,2024-09-18 19:00:00,612.69,10,103,0
189,2024-12-11 03:00:00,631.64,12,19,1
190,2024-09-06 07:00:00,193.35,4,115,0
191,2024-05-21 05:00:00,499.11,6,223,0
192,2024-12-25 23:00:00,461.14,11,5,1
193,2024-12-29 21:00:00,678.38,9,1,1
194,2024-12-28 07:00:00,462.03,11,2,1
195,2024-12-18 11:00:00,400.28000000000003,9,12,1
196,2024-11-17 01:00:00,318.7,5,43,0
197,2024-11-10 13:00:00,663.2099999999999,7,50,0
198,2024-12-16 07:00:00,512.92,7,14,0
199,2024-11-05 19:00:00,593.7,11,55,1
200,2024-12-28 20:00:00,531.08,10,2,1
201,2024-11-13 02:00:00,328.89,6,47,0
202,2024-11-29 02:00:00,351.89,8,31,0
203,2024-10-16 17:00:00,581.09,12,75,0
204,2024-12-10 23:00:00,494.38,8,20,0
205,2024-10-17 18:00:00,338.17,7,74,0
206,2024-12-06 01:00:00,347.18,7,24,0
207,2024-12-17 13:00:00,356.76,8,13,0
208,2024-11-09 21:00:00,420.5,10,51,1
209,2024-09-03 06:00:00,470.47,8,118,0
210,2024-12-12 16:00:00,675.1999999999999,8,18,0
211,2024-09-09 01:00:00,770.43,7,112,0
212,2024-07-30 07:00:00,243.13,3,153,0
213,2024-11-19 14:00:00,351.46000000000004,8,41,0
214,2024-12-05 14:00:00,1244.4099999999999,10,25,1
215,2024-11-10 06:00:00,447.4,8,50,0
216,2024-11-14 04:00:00,619.7,11,46,1
217,2024-12-16 22:00:00,322.61,4,14,0
218,2024-12-28 15:00:00,916.66,7,2,0
219,2024-12-21 11:00:00,232.34,6,9,0
220,2024-10-02 11:00:00,417.21000000000004,5,89,0
221,2024-12-17 20:00:00,746.4,9,13,1
222,2024-11-27 13:00:00,333.66999999999996,8,33,0
223,2024-12-14 08:00:00,466.19,5,16,0
224,2024-08-14 11:00:00,539.71,6,138,0
225,2024-12-18 03:00:00,1038.8700000000001,11,12,1
226,2024-10-04 23:00:00,501.55,6,87,0
227,2024-11-05 01:00:00,447.11,7,55,0
228,2024-10-28 17:00:00,423.22,7,63,0
229,2024-12-14 09:00:00,1256.87,12,16,1
230,2024-12-30 18:00:00,456.94,10,0,1
231,2024-07-21 09:00:00,178.97,2,162,0
232,2024-12-23 18:00:00,620.76,7,7,0
233,2024-12-07 10:00:00,711.68,18,23,1
234,2024-10-29 12:00:00,591.4300000000001,8,62,0
235,2024-12-24 17:00:00,499.45,6,6,0
236,2024-12-07 16:00:00,139.45,4,23,0
237,2024-10-05 18:00:00,367.42,8,86,0
238,2024-10-10 15:00:00,383.33,7,81,0
239,2024-12-08 17:00:00,389.14,7,22,0
240,2024-12-28 21:00:00,441.21,7,2,0
241,2024-12-14 17:00:00,247.52999999999997,4,16,0
242,2024-11-15 22:00:00,366.13,9,45,1
243,2024-12-29 14:00:00,237.95,7,1,0
244,2024-11-30 22:00:00,1006.45,12,30,1
245,2024-12-23 11:00:00,610.48,10,7,1
246,2024-10-15 11:00:00,1399.02,11,76,0
247,2024-12-08 12:00:00,342.8,5,22,0
248,2024-12-18 15:00:00,844.8299999999999,11,12,1
249,2024-06-18 16:00:00,636.19,6,195,0
250,2024-12-28 20:00:00,617.8100000000001,7,2,0
251,2024-12-05 21:00:00,391.01,3,25,0
252,2024-12-22 21:00:00,354.43,5,8,0
253,2024-10-15 19:00:00,629.84,7,76,0
254,2024-11-25 07:00:00,557.26,10,35,1
255,2024-12-23 06:00:00,357.08,6,7,0
256,2024-12-03 02:00:00,341.66,8,27,0
257,2024-12-11 22:00:00,619.76,9,19,1
258,2024-12-24 21:00:00,334.94,7,6,0
259,2024-12-13 03:00:00,344.15999999999997,6,17,0
260,2024-11-29 07:00:00,325.48,6,31,0
261,2024-08-10 06:00:00,309.3,6,142,0
262,2024-10-10 05:00:00,505.42,2,81,0
263,2024-11-12 21:00:00,667.26,7,48,0
264,2024-11-23 17:00:00,279.55,4,37,0
265,2024-12-28 03:00:00,521.93,11,2,1
266,2024-10-22 10:00:00,943.3,12,69,0
267,2024-12-01 21:00:00,396.05,7,29,0
268,2024-09-29 09:00:00,305.42,4,92,0
269,2024-10-18 21:00:00,522.4499999999999,8,73,0
270,2024-12-27 19:00:00,513.22,8,3,0
271,2024-11-14 22:00:00,292.46000000000004,8,46,0
272,2024-12-15 05:00:00,477.66999999999996,11,15,1
273,2024-12-28 23:00:00,821.28,11,2,1
274,2024-12-30 00:00:00,628.72,6,0,0
275,2024-12-27 04:00:00,689.08,11,3,1
276,2024-11-08 05:00:00,565.3399999999999,7,52,0
277,2024-11-22 05:00:00,608.17,8,38,0
278,2024-12-16 13:00:00,495.6,9,14,1
279,2024-10-29 10:00:00,363.14,4,62,0
280,2024-11-19 19:00:00,434.4,7,41,0
281,2024-12-14 07:00:00,356.14,7,16,0
282,2024-10-24 09:00:00,297.44,6,67,0
283,2024-12-03 23:00:00,368.98,5,27,0
284,2024-12-24 05:00:00,301.98,6,6,0
285,2024-12-08 12:00:00,824.3699999999999,13,22,1
286,2024-12-05 21:00:00,78.67,4,25,0
287,2024-09-10 20:00:00,209.70999999999998,4,111,0
288,2024-12-11 20:00:00,378.84999999999997,9,19,1
289,2024-12-02 09:00:00,518.27,10,28,1
290,2024-11-13 05:00:00,409.5,5,47,0
291,2024-12-14 08:00:00,562.99,10,16,1
292,2024-11-05 22:00:00,535.14,10,55,1
293,2024-12-27 08:00:00,682.58,9,3,1
294,2024-11-30 02:00:00,614.17,13,30,1
295,2024-12-12 04:00:00,268.51,7,18,0
296,2024-09-18 14:00:00,560.73,6,103,0
297,2024-12-05 06:00:00,509.45000000000005,8,25,0
298,2024-12-29 13:00:00,677.93,14,1,1
299,2024-11-20 02:00:00,315.08000000000004,7,40,0
300,2024-10-28 00:00:00,700.5400000000001,8,63,0
301,2024-11-13 13:00:00,209.95999999999998,8,47,0
302,2024-10-04 10:00:00,487.58,11,87,0
303,2024-11-29 20:00:00,462.1,9,31,1
304,2024-12-16 22:00:00,508.15,10,14,1
305,2024-12-25 05:00:00,548.04,11,5,1
306,2024-12-04 04:00:00,424.32,9,26,1
307,2024-10-07 08:00:00,602.97,8,84,0
308,2024-10-17 16:00:00,413.8,7,74,0
309,2024-12-27 13:00:00,531.2900000000001,10,3,1
310,2024-08-18 11:00:00,279.93,5,134,0
311,2024-11-19 14:00:00,150.06,5,41,0
312,2024-10-04 13:00:00,173.72,2,87,0
313,2024-12-12 11:00:00,857.38,14,18,1
314,2024-10-02 20:00:00,172.26000000000002,4,89,0
315,2024-11-13 09:00:00,250.62,7,47,0
316,2024-10-18 21:00:00,1318.3400000000001,9,73,0
317,2024-11-19 20:00:00,385.28,10,41,1
318,2024-09-28 15:00:00,643.99,6,93,0
319,2024-12-29 19:00:00,708.6800000000001,10,1,1
320,2024-11-16 07:00:00,323.63,7,44,0
321,2024-12-26 09:00:00,489.62,7,4,0
322,2024-12-01 12:00:00,323.54,5,29,0
323,2024-11-06 03:00:00,955.58,9,54,1
324,2024-12-13 11:00:00,521.74,8,17,0
325,2024-12-01 07:00:00,151.68,7,29,0
326,2024-10-28 17:00:00,419.07,4,63,0
327,2024-12-01 18:00:00,420.68,8,29,0
328,2024-09-13 01:00:00,280.41,5,108,0
329,2024-11-10 10:00:00,511.64,7,50,0
330,2024-12-07 17:00:00,944.57,14,23,1
331,2024-09-26 06:00:00,478.6,10,95,0
332,2024-12-10 07:00:00,324.87,5,20,0
333,2024-12-09 05:00:00,755.06,11,21,1
334,2024-11-04 13:00:00,929.48,12,56,1
335,2024-10-14 08:00:00,128.82,4,77,0
336,2024-10-18 22:00:00,420.21,11,73,0
337,2024-12-25 10:00:00,1280.28,10,5,1
338,2024-07-28 10:00:00,565.65,8,155,0
339,2024-11-30 07:00:00,578.64,12,30,1
340,2024-11-10 06:00:00,383.71,8,50,0
341,2024-10-24 00:00:00,655.65,9,67,0
342,2024-12-23 12:00:00,991.99,11,7,1
343,2024-12-22 22:00:00,554.52,11,8,1
344,2024-12-06 15:00:00,556.8199999999999,6,24,0
345,2024-10-18 03:00:00,472.88,9,73,0
346,2024-12-13 12:00:00,263.89,6,17,0
347,2024-12-14 19:00:00,271.19,5,16,0
348,2024-11-17 04:00:00,356.71,6,43,0
349,2024-12-19 11:00:00,630.94,9,11,1
350,2024-11-11 12:00:00,827.5,13,49,1
351,2024-12-15 03:00:00,271.91,6,15,0
352,2024-11-27 04:00:00,247.70999999999998,7,33,0
353,2024-10-29 21:00:00,941.14,9,62,0
354,2024-09-01 10:00:00,56.33,3,120,0
355,2024-12-21 02:00:00,269.93,5,9,0
356,2024-11-05 16:00:00,578.95,6,55,0
357,2024-12-10 18:00:00,929.12,15,20,1
358,2024-09-08 06:00:00,555.72,7,113,0
359,2024-12-26 10:00:00,412.35,8,4,0
360,2024-11-02 23:00:00,346.87,6,58,0
361,2024-12-07 18:00:00,681.7,7,23,0
362,2024-12-11 02:00:00,577.66,7,19,0
363,2024-12-26 16:00:00,480.98,7,4,0
364,2024-12-29 08:00:00,867.62,12,1,1
365,2024-11-13 13:00:00,727.72,6,47,0
366,2024-11-08 13:00:00,247.62,5,52,0
367,2024-12-29 14:00:00,620.23,10,1,1
368,2024-11-11 16:00:00,775.03,10,49,1
369,2024-12-12 15:00:00,308.66,7,18,0
370,2024-10-23 08:00:00,307.25,9,68,0
371,2024-11-15 23:00:00,311.11,8,45,0
372,2024-11-03 02:00:00,125.17,1,57,0
373,2024-12-24 03:00:00,799.45,12,6,1
374,2024-12-28 15:00:00,484.0,8,2,0
375,2024-12-29 07:00:00,1076.67,10,1,1
376,2024-10-18 20:00:00,377.28999999999996,9,73,0
377,2024-11-30 18:00:00,724.95,12,30,1
378,2024-10-03 02:00:00,439.81,9,88,0
379,2024-10-25 16:00:00,602.93,8,66,0
380,2024-10-10 03:00:00,728.9899999999999,8,81,0
381,2024-07-02 11:00:00,260.29999999999995,4,181,0
382,2024-12-18 23:00:00,427.10999999999996,7,12,0
383,2024-12-06 16:00:00,314.34000000000003,5,24,0
384,2024-12-10 22:00:00,292.22,7,20,0
385,2024-11-06 05:00:00,844.83,9,54,1
386,2024-12-03 12:00:00,250.34,6,27,0
387,2024-12-30 02:00:00,686.33,14,0,1
388,2024-12-23 11:00:00,791.05,15,7,1
389,2024-08-25 01:00:00,708.1700000000001,6,127,0
390,2024-12-08 04:00:00,396.71999999999997,8,22,0
391,2024-11-29 21:00:00,382.44,7,31,0
392,2024-11-23 22:00:00,429.61,10,37,1
393,2024-07-19 13:00:00,159.6,6,164,0
394,2024-12-13 12:00:00,308.09,6,17,0
395,2024-12-22 17:00:00,366.39,11,8,1
396,2024-12-23 05:00:00,507.02,11,7,1
397,2024-12-20 02:00:00,387.75,7,10,0
398,2024-12-07 11:00:00,222.37,5,23,0
399,2024-12-20 12:00:00,258.25,5,10,0
400,2024-12-20 03:00:00,300.2,6,10,0
401,2024-11-15 19:00:00,866.97,13,45,1
402,2024-10-22 17:00:00,186.87,6,69,0
403,2024-11-05 12:00:00,478.90000000000003,6,55,0
404,2024-10-27 05:00:00,334.44,5,64,0
405,2024-09-14 23:00:00,229.13,5,107,0
406,2024-11-19 15:00:00,713.94,13,41,1
407,2024-11-25 18:00:00,554.72,6,35,0
408,2024-11-22 13:00:00,483.71,9,38,1
409,2024-10-11 12:00:00,488.90999999999997,6,80,0
410,2024-12-21 11:00:00,485.98,9,9,1
411,2024-11-21 03:00:00,508.36,8,39,0
412,2024-12-19 15:00:00,335.83,8,11,0
413,2024-10-25 06:00:00,659.24,7,66,0
414,2024-09-10 17:00:00,367.64,8,111,0
415,2024-10-17 11:00:00,319.08000000000004,4,74,0
416,2024-12-11 09:00:00,442.78,12,19,1
417,2024-12-01 10:00:00,496.59000000000003,10,29,1
418,2024-11-27 20:00:00,241.18,2,33,0
419,2024-12-23 02:00:00,486.12,5,7,0
420,2024-11-10 22:00:00,781.44,12,50,1
421,2024-08-06 07:00:00,451.76,5,146,0
422,2024-12-15 08:00:00,510.0,11,15,1
423,2024-11-27 22:00:00,546.4499999999999,10,33,1
424,2024-12-28 13:00:00,700.15,7,2,0
425,2024-11-23 19:00:00,588.94,8,37,0
426,2024-08-16 15:00:00,167.89,3,136,0
427,2024-12-26 10:00:00,1094.27,11,4,1
428,2024-10-19 06:00:00,408.9,8,72,0
429,2024-12-27 17:00:00,733.49,9,3,1
430,2024-08-06 17:00:00,351.47,9,146,0
431,2024-12-21 10:00:00,128.18,6,9,0
432,2024-10-30 21:00:00,679.12,10,61,0
433,2024-12-15 16:00:00,436.62,6,15,0
434,2024-12-06 09:00:00,311.75,6,24,0
435,2024-08-13 21:00:00,331.9,4,139,0
436,2024-11-11 16:00:00,679.65,9,49,1
437,2024-10-27 19:00:00,118.84,4,64,0
438,2024-12-21 03:00:00,702.56,10,9,1
439,2024-12-19 14:00:00,483.45000000000005,7,11,0
440,2024-11-22 07:00:00,446.67,7,38,0
441,2024-10-19 01:00:00,188.9,5,72,0
442,2024-09-17 12:00:00,432.57,6,104,0
443,2024-11-21 22:00:00,536.42,10,39,1
444,2024-11-23 07:00:00,259.89,9,37,1
445,2024-12-24 17:00:00,874.77,14,6,1
446,2024-12-14 08:00:00,791.08,15,16,1
447,2024-12-27 00:00:00,684.51,12,3,1
448,2024-12-22 15:00:00,203.85,7,8,0
449,2024-12-22 10:00:00,519.68,9,8,1
450,2024-12-20 20:00:00,948.03,15,10,1
451,2024-11-12 06:00:00,302.25,8,48,0
452,2024-09-30 00:00:00,388.89,7,91,0
453,2024-08-31 08:00:00,291.0,5,121,0
454,2024-12-03 02:00:00,418.55,7,27,0
455,2024-12-27 23:00:00,615.2,12,3,1
456,2024-12-01 21:00:00,994.63,20,29,1
457,2024-12-12 05:00:00,526.08,8,18,0
458,2024-12-18 23:00:00,603.0600000000001,6,12,0
459,2024-12-20 10:00:00,1011.72,9,10,1
460,2024-08-27 17:00:00,263.35,3,125,0
461,2024-12-02 09:00:00,376.1,6,28,0
462,2024-09-22 09:00:00,708.03,7,99,0
463,2024-12-15 23:00:00,734.0,13,15,1
464,2024-11-23 10:00:00,845.19,12,37,1
465,2024-09-22 04:00:00,158.67,3,99,0
466,2024-11-28 18:00:00,226.14000000000001,5,32,0
467,2024-11-11 12:00:00,327.23,7,49,0
468,2024-12-11 01:00:00,355.37,9,19,1
469,2024-12-15 03:00:00,464.24,7,15,0
470,2024-11-22 17:00:00,822.13,9,38,1
471,2024-12-30 07:00:00,624.9599999999999,9,0,1
472,2024-11-12 04:00:00,853.09,12,48,1
473,2024-11-13 00:00:00,566.37,7,47,0
474,2024-12-28 20:00:00,832.77,9,2,1
475,2024-11-25 17:00:00,531.94,8,35,0
476,2024-10-07 07:00:00,1038.7,12,84,0
477,2024-10-20 00:00:00,471.57000000000005,6,71,0
478,2024-10-14 17:00:00,492.49,12,77,0
479,2024-11-27 03:00:00,877.4100000000001,10,33,1
480,2024-11-02 06:00:00,716.4300000000001,11,58,1
481,2024-11-28 19:00:00,450.33,8,32,0
482,2024-12-03 13:00:00,531.59,7,27,0
483,2024-11-10 03:00:00,513.76,6,50,0
484,2024-12-02 15:00:00,477.46999999999997,7,28,0
485,2024-11-30 22:00:00,809.89,9,30,1
486,2024-10-30 04:00:00,733.24,14,61,0
487,2024-12-13 05:00:00,380.75,7,17,0
488,2024-11-14 06:00:00,859.51,8,46,0
489,2024-12-30 14:00:00,297.87,5,0,0
490,2024-10-08 19:00:00,485.22,6,83,0
491,2024-11-15 18:00:00,458.55,5,45,0
492,2024-12-12 09:00:00,912.67,14,18,1
493,2024-10-04 04:00:00,369.56,6,87,0
494,2024-12-16 22:00:00,329.15999999999997,7,14,0
495,2024-09-29 10:00:00,142.72,4,92,0
496,2024-12-28 16:00:00,406.86,10,2,1
497,2024-12-27 16:00:00,632.35,7,3,0
498,2024-11-27 22:00:00,1147.77,12,33,1
499,2024-11-15 18:00:00,861.52,11,45,1
500,2024-12-05 14:00:00,591.58,8,25,0
501,2024-12-18 13:00:00,452.51,7,12,0
502,2024-11-04 19:00:00,436.84000000000003,10,56,1
503,2024-11-18 11:00:00,698.7,8,42,0
504,2024-12-29 18:00:00,887.95,13,1,1
505,2024-12-24 03:00:00,770.12,12,6,1
506,2024-11-29 15:00:00,682.28,11,31,1
507,2024-09-08 11:00:00,392.02,5,113,0
508,2024-12-10 20:00:00,159.25,6,20,0
509,2024-11-21 05:00:00,803.69,9,39,1
510,2024-10-28 05:00:00,399.83,7,63,0
511,2024-11-28 11:00:00,308.92,6,32,0
512,2024-10-29 19:00:00,415.49,8,62,0
513,2024-11-30 14:00:00,809.8100000000001,12,30,1
514,2024-12-15 12:00:00,61.82000000000001,2,15,0
515,2024-12-29 08:00:00,385.64,10,1,1
516,2024-12-13 07:00:00,794.48,13,17,1
517,2024-11-12 20:00:00,629.15,8,48,0
518,2024-11-26 10:00:00,363.65999999999997,6,34,0
519,2024-10-31 21:00:00,515.71,11,60,0
520,2024-10-10 14:00:00,945.39,11,81,0
521,2024-12-04 14:00:00,485.16,9,26,1
522,2024-12-28 21:00:00,497.59000000000003,8,2,0
523,2024-12-12 08:00:00,579.76,10,18,1
524,2024-12-24 04:00:00,591.6899999999999,11,6,1
525,2024-09-03 21:00:00,669.56,9,118,0
526,2024-08-26 07:00:00,558.34,5,126,0
527,2024-12-05 18:00:00,654.36,10,25,1
528,2024-12-26 18:00:00,684.48,11,4,1
529,2024-10-30 09:00:00,637.6800000000001,10,61,0
530,2024-11-22 00:00:00,240.87,6,38,0
531,2024-11-27 12:00:00,194.89,6,33,0
532,2024-12-21 18:00:00,765.98,11,9,1
533,2024-11-09 23:00:00,307.94,8,51,0
534,2024-12-13 12:00:00,406.11,6,17,0
535,2024-11-28 08:00:00,236.2,6,32,0
536,2024-11-07 20:00:00,536.52,7,53,0
537,2024-12-07 17:00:00,258.91,5,23,0
538,2024-12-20 17:00:00,1189.3600000000001,11,10,1
539,2024-12-26 03:00:00,654.88,10,4,1
540,2024-12-19 02:00:00,531.79,8,11,0
541,2024-12-30 05:00:00,643.01,8,0,0
542,2024-12-29 22:00:00,876.56,9,1,1
543,2024-10-15 13:00:00,140.42000000000002,3,76,0
544,2024-12-18 21:00:00,375.43,7,12,0
545,2024-12-26 18:00:00,382.47,6,4,0
546,2024-12-15 04:00:00,219.07,6,15,0
547,2024-11-08 14:00:00,573.6800000000001,9,52,1
548,2024-12-23 23:00:00,800.67,13,7,1
549,2024-11-30 17:00:00,530.65,6,30,0
550,2024-11-30 04:00:00,431.84,8,30,0
551,2024-11-17 10:00:00,444.42,6,43,0
552,2024-12-25 11:00:00,742.3399999999999,10,5,1
553,2024-12-03 05:00:00,307.67999999999995,5,27,0
554,2024-10-23 10:00:00,419.43,9,68,0
555,2024-12-18 06:00:00,667.27,10,12,1
556,2024-12-05 02:00:00,483.13,9,25,1
557,2024-12-02 19:00:00,463.88,9,28,1
558,2024-12-11 12:00:00,1196.25,16,19,1
559,2024-12-14 08:00:00,685.8,8,16,0
560,2024-12-13 15:00:00,390.26,6,17,0
561,2024-12-29 15:00:00,508.81,10,1,1
562,2024-07-17 02:00:00,162.75,2,166,0
563,2024-11-01 14:00:00,443.12,7,59,0
564,2024-12-04 14:00:00,446.99,8,26,0
565,2024-10-30 05:00:00,413.59000000000003,9,61,0
566,2024-11-21 04:00:00,796.45,6,39,0
567,2024-12-21 17:00:00,570.0,11,9,1
568,2024-12-20 11:00:00,418.65999999999997,12,10,1
569,2024-11-05 19:00:00,731.23,7,55,0
570,2024-10-16 19:00:00,615.49,10,75,0
571,2024-10-17 19:00:00,1038.1,8,74,0
572,2024-12-17 07:00:00,170.5,4,13,0
573,2024-12-28 21:00:00,439.59000000000003,9,2,1
574,2024-12-04 03:00:00,887.97,9,26,1
575,2024-10-28 04:00:00,268.15999999999997,6,63,0
576,2024-08-30 20:00:00,555.13,9,122,0
577,2024-12-22 23:00:00,378.05,6,8,0
578,2024-12-25 04:00:00,1117.6299999999999,11,5,1
579,2024-12-24 11:00:00,374.11,9,6,1
580,2024-10-31 10:00:00,212.09,5,60,0
581,2024-07-10 09:00:00,473.74,6,173,0
582,2024-10-08 08:00:00,497.37,8,83,0
583,2024-11-23 22:00:00,491.47,9,37,1
584,2024-11-07 18:00:00,584.02,8,53,0
585,2024-10-12 18:00:00,397.14,7,79,0
586,2024-09-14 16:00:00,155.13,7,107,0
587,2024-11-24 05:00:00,459.83,8,36,0
588,2024-11-26 01:00:00,290.15,5,34,0
589,2024-08-10 19:00:00,68.7,3,142,0
590,2024-11-19 20:00:00,247.77,6,41,0
591,2024-09-29 11:00:00,433.93,8,92,0
592,2024-12-20 17:00:00,540.3199999999999,9,10,1
593,2024-11-20 04:00:00,266.72,8,40,0
594,2024-07-14 19:00:00,215.57999999999998,6,169,0
595,2024-11-30 06:00:00,259.31,6,30,0
596,2024-12-24 06:00:00,585.64,8,6,0
597,2024-12-17 08:00:00,367.28999999999996,6,13,0
598,2024-12-19 20:00:00,569.9,10,11,1
599,2024-12-18 00:00:00,198.65,5,12,0
600,2024-12-01 16:00:00,431.66,9,29,1
601,2024-09-04 02:00:00,395.90999999999997,8,117,0
602,2024-12-24 02:00:00,200.71,5,6,0
603,2024-11-21 23:00:00,241.45000000000002,4,39,0
604,2024-12-02 09:00:00,471.31,11,28,1
605,2024-10-19 03:00:00,81.32,3,72,0
606,2024-09-09 20:00:00,222.5,5,112,0
607,2024-12-28 12:00:00,1051.73,11,2,1
608,2024-12-14 09:00:00,578.96,10,16,1
609,2024-09-13 15:00:00,222.19,6,108,0
610,2024-12-25 22:00:00,782.45,9,5,1
611,2024-11-24 02:00:00,887.0,8,36,0
612,2024-12-03 14:00:00,594.76,12,27,1
613,2024-12-17 12:00:00,670.48,11,13,1
614,2024-11-30 14:00:00,251.68,5,30,0
615,2024-10-26 21:00:00,495.34,8,65,0
616,2024-10-17 02:00:00,340.83,8,74,0
617,2024-12-18 22:00:00,655.29,12,12,1
618,2024-10-26 10:00:00,880.71,11,65,0
619,2024-11-20 06:00:00,172.34,4,40,0
620,2024-12-16 05:00:00,770.3100000000001,6,14,0
621,2024-11-17 09:00:00,568.04,9,43,1
622,2024-10-12 08:00:00,65.3,3,79,0
623,2024-11-30 07:00:00,918.9,15,30,1
624,2024-11-23 09:00:00,249.67000000000002,3,37,0
625,2024-12-25 02:00:00,561.25,8,5,0
626,2024-12-26 20:00:00,444.06,9,4,1
627,2024-12-16 08:00:00,243.94,5,14,0
628,2024-11-12 14:00:00,618.08,8,48,0
629,2024-12-23 16:00:00,387.02,8,7,0
630,2024-12-26 04:00:00,215.76,7,4,0
631,2024-10-08 13:00:00,486.51,6,83,0
632,2024-12-05 23:00:00,408.14,6,25,0
633,2024-12-15 04:00:00,472.28000000000003,12,15,1
634,2024-09-03 15:00:00,306.34,4,118,0
635,2024-12-18 04:00:00,499.55999999999995,6,12,0
636,2024-10-30 17:00:00,323.18,8,61,0
637,2024-12-27 08:00:00,337.77,8,3,0
638,2024-10-26 05:00:00,217.9,5,65,0
639,2024-12-29 09:00:00,169.22,6,1,0
640,2024-08-16 21:00:00,160.17,4,136,0
641,2024-10-09 02:00:00,603.68,11,82,0
642,2024-12-14 12:00:00,275.08,8,16,0
643,2024-11-24 08:00:00,305.82,9,36,1
644,2024-12-11 14:00:00,635.64,7,19,0
645,2024-12-01 11:00:00,372.5,7,29,0
646,2024-12-04 13:00:00,1005.5699999999999,10,26,1
647,2024-10-12 12:00:00,640.01,6,79,0
648,2024-12-27 00:00:00,467.28,10,3,1
649,2024-12-07 05:00:00,558.4,10,23,1
650,2024-10-27 17:00:00,631.4,11,64,0
651,2024-11-01 17:00:00,419.38,7,59,0
652,2024-11-28 14:00:00,425.65999999999997,6,32,0
653,2024-09-24 21:00:00,130.32,3,97,0
654,2024-11-30 13:00:00,256.73,5,30,0
655,2024-11-21 11:00:00,733.15,11,39,1
656,2024-12-13 20:00:00,806.1700000000001,15,17,1
657,2024-12-01 16:00:00,518.05,9,29,1
658,2024-12-08 14:00:00,769.83,12,22,1
659,2024-12-24 18:00:00,65.85,3,6,0
660,2024-11-17 03:00:00,416.87,8,43,0
661,2024-12-15 19:00:00,351.41,10,15,1
662,2024-11-15 20:00:00,478.14,7,45,0
663,2024-12-24 22:00:00,1230.29,14,6,1
664,2024-11-07 06:00:00,808.17,14,53,1
665,2024-11-04 16:00:00,238.51,5,56,0
666,2024-12-20 07:00:00,670.7,8,10,0
667,2024-10-13 08:00:00,264.0,7,78,0
668,2024-11-10 06:00:00,671.9000000000001,6,50,0
669,2024-12-28 06:00:00,384.43,9,2,1
670,2024-10-30 15:00:00,295.79,8,61,0
671,2024-09-28 22:00:00,270.05,5,93,0
672,2024-09-22 07:00:00,829.51,9,99,0
673,2024-11-20 17:00:00,657.02,10,40,1
674,2024-12-04 18:00:00,690.1800000000001,9,26,1
675,2024-09-06 02:00:00,413.03000000000003,5,115,0
676,2024-12-18 21:00:00,768.66,14,12,1
677,2024-12-12 04:00:00,411.79,6,18,0
678,2024-11-02 13:00:00,183.07,4,58,0
679,2024-10-20 08:00:00,320.09,8,71,0
680,2024-11-06 12:00:00,364.35,9,54,1
681,2024-12-30 09:00:00,485.36,9,0,1
682,2024-12-08 21:00:00,496.37,9,22,1
683,2024-09-16 17:00:00,419.67999999999995,8,105,0
684,2024-12-21 04:00:00,222.61,5,9,0
685,2024-10-11 14:00:00,588.75,12,80,0
686,2024-11-21 07:00:00,357.0,5,39,0
687,2024-10-16 03:00:00,219.64,6,75,0
688,2024-12-19 21:00:00,605.69,8,11,0
689,2024-12-13 06:00:00,348.71,7,17,0
690,2024-12-08 21:00:00,972.28,11,22,1
691,2024-08-11 13:00:00,300.48,5,141,0
692,2024-11-12 15:00:00,694.26,10,48,1
693,2024-12-27 08:00:00,393.94,6,3,0
694,2024-12-12 17:00:00,537.92,9,18,1
695,2024-12-16 18:00:00,258.96000000000004,3,14,0
696,2024-12-22 10:00:00,562.11,5,8,0
697,2024-12-07 05:00:00,179.75,5,23,0
698,2024-08-05 00:00:00,365.04,5,147,0
699,2024-12-29 21:00:00,356.45,7,1,0
700,2024-05-18 14:00:00,503.14,8,226,0
701,2024-12-25 16:00:00,436.74,8,5,0
702,2024-10-30 07:00:00,369.88,8,61,0
703,2024-11-03 21:00:00,543.03,11,57,1
704,2024-12-17 01:00:00,813.1800000000001,11,13,1
705,2024-12-05 07:00:00,268.83000000000004,6,25,0
706,2024-12-12 13:00:00,639.93,6,18,0
707,2024-08-10 09:00:00,227.57,8,142,0
708,2024-12-10 23:00:00,572.18,7,20,0
709,2024-10-21 16:00:00,234.85,4,70,0
710,2024-12-02 12:00:00,295.73,7,28,0
711,2024-12-21 17:00:00,194.23999999999998,3,9,0
712,2024-12-27 21:00:00,283.4,6,3,0
713,2024-11-26 10:00:00,623.09,12,34,1
714,2024-11-27 16:00:00,677.44,5,33,0
715,2024-10-31 11:00:00,573.3100000000001,8,60,0
716,2024-11-04 11:00:00,1058.95,11,56,1
717,2024-12-30 09:00:00,517.88,9,0,1
718,2024-11-09 22:00:00,397.39,8,51,0
719,2024-11-23 18:00:00,276.49,7,37,0
720,2024-10-01 05:00:00,254.46,6,90,0
721,2024-12-30 12:00:00,246.75,7,0,0
722,2024-10-24 04:00:00,684.75,5,67,0
723,2024-12-09 06:00:00,695.52,10,21,1
724,2024-12-30 03:00:00,559.14,8,0,0
725,2024-10-30 07:00:00,485.86,6,61,0
726,2024-11-09 22:00:00,421.70000000000005,7,51,0
727,2024-12-07 18:00:00,558.76,9,23,1
728,2024-11-07 16:00:00,214.57,6,53,0
729,2024-10-29 11:00:00,546.14,11,62,0
730,2024-12-04 23:00:00,509.23,7,26,0
731,2024-12-17 22:00:00,329.27,8,13,0
732,2024-12-01 08:00:00,296.14,8,29,0
733,2024-11-04 23:00:00,568.61,8,56,0
734,2024-06-12 03:00:00,220.89000000000001,4,201,0
735,2024-12-10 20:00:00,1133.34,17,20,1
736,2024-12-18 05:00:00,444.61,5,12,0
737,2024-12-11 21:00:00,690.0,7,19,0
738,2024-10-11 10:00:00,900.0799999999999,9,80,0
739,2024-12-16 05:00:00,795.7,10,14,1
740,2024-11-01 11:00:00,408.94,9,59,1
741,2024-08-01 17:00:00,131.91,2,151,0
742,2024-12-21 20:00:00,823.96,10,9,1
743,2024-09-11 10:00:00,345.67,7,110,0
744,2024-12-26 17:00:00,960.64,13,4,1
745,2024-09-29 06:00:00,187.45,3,92,0
746,2024-09-15 11:00:00,218.05,5,106,0
747,2024-12-10 00:00:00,735.36,9,20,1
748,2024-12-18 09:00:00,1256.3600000000001,10,12,1
749,2024-12-18 01:00:00,699.31,12,12,1
750,2024-12-09 12:00:00,378.3,11,21,1
751,2024-12-28 06:00:00,494.25,10,2,1
752,2024-12-23 07:00:00,579.64,10,7,1
753,2024-11-18 19:00:00,472.75,5,42,0
754,2024-10-27 03:00:00,953.12,9,64,0
755,2024-11-12 01:00:00,464.51,12,48,1
756,2024-12-06 14:00:00,706.42,11,24,1
757,2024-12-18 10:00:00,400.72,11,12,1
758,2024-12-13 09:00:00,553.05,8,17,0
759,2024-12-28 23:00:00,161.73000000000002,5,2,0
760,2024-12-30 16:00:00,687.51,12,0,1
761,2024-09-23 08:00:00,120.56,4,98,0
762,2024-12-19 03:00:00,361.65000000000003,10,11,1
763,2024-11-27 09:00:00,505.7,9,33,1
764,2024-12-15 23:00:00,257.7,6,15,0
765,2024-12-10 18:00:00,539.63,9,20,1
766,2024-10-31 14:00:00,280.42,4,60,0
767,2024-10-07 07:00:00,542.59,10,84,0
768,2024-12-28 15:00:00,839.9100000000001,10,2,1
769,2024-12-23 08:00:00,822.28,11,7,1
770,2024-12-11 19:00:00,300.91,7,19,0
771,2024-11-25 03:00:00,332.93,8,35,0
772,2024-11-02 20:00:00,472.62,8,58,0
773,2024-12-12 03:00:00,206.56,4,18,0
774,2024-12-06 09:00:00,498.10999999999996,7,24,0
775,2024-12-21 09:00:00,179.79,6,9,0
776,2024-11-25 18:00:00,278.71000000000004,7,35,0
777,2024-12-26 05:00:00,477.35,8,4,0
778,2024-11-12 14:00:00,352.05,7,48,0
779,2024-09-24 09:00:00,234.29,4,97,0
780,2024-11-03 08:00:00,502.86,11,57,1
781,2024-12-05 08:00:00,260.68,6,25,0
782,2024-11-20 17:00:00,258.15999999999997,6,40,0
783,2024-12-22 02:00:00,390.52,7,8,0
784,2024-12-02 15:00:00,397.96000000000004,4,28,0
785,2024-06-21 01:00:00,95.61000000000001,2,192,0
786,2024-08-21 03:00:00,229.08,7,131,0
787,2024-12-11 15:00:00,678.26,12,19,1
788,2024-12-03 01:00:00,760.47,7,27,0
789,2024-11-07 13:00:00,496.29,7,53,0
790,2024-12-22 04:00:00,653.78,11,8,1
791,2024-08-21 10:00:00,99.74,3,131,0
792,2024-12-01 22:00:00,321.89,6,29,0
793,2024-09-09 03:00:00,430.49,5,112,0
794,2024-11-08 11:00:00,913.13,9,52,1
795,2024-12-08 07:00:00,420.96,7,22,0
796,2024-11-19 08:00:00,511.64,10,41,1
797,2024-12-21 14:00:00,899.81,10,9,1
798,2024-09-25 11:00:00,659.68,7,96,0
799,2024-11-23 16:00:00,529.54,9,37,1
800,2024-10-20 14:00:00,197.67,6,71,0
801,2024-08-27 16:00:00,150.23,2,125,0
802,2024-11-18 05:00:00,316.65999999999997,7,42,0
803,2024-11-28 19:00:00,312.99,7,32,0
804,2024-12-24 01:00:00,450.7,9,6,1
805,2024-09-06 13:00:00,477.74,9,115,0
806,2024-12-22 20:00:00,517.47,9,8,1
807,2024-12-29 15:00:00,850.09,11,1,1
808,2024-12-23 16:00:00,460.5,8,7,0
809,2024-12-13 16:00:00,695.35,9,17,1
810,2024-11-08 08:00:00,358.25,8,52,0
811,2024-11-24 03:00:00,307.7,6,36,0
812,2024-12-18 17:00:00,855.59,13,12,1
813,2024-12-27 08:00:00,616.83,11,3,1
814,2024-12-18 09:00:00,479.25,10,12,1
815,2024-09-15 21:00:00,346.87,7,106,0
816,2024-12-07 07:00:00,753.27,9,23,1
817,2024-09-16 14:00:00,507.74,4,105,0
818,2024-12-29 01:00:00,147.69,5,1,0
819,2024-09-18 04:00:00,145.79000000000002,4,103,0
820,2024-12-07 00:00:00,378.21000000000004,3,23,0
821,2024-11-27 11:00:00,722.1,12,33,1
822,2024-12-14 19:00:00,343.68,7,16,0
823,2024-11-01 21:00:00,202.25,6,59,0
824,2024-12-23 02:00:00,645.55,7,7,0
825,2024-12-29 22:00:00,910.3,10,1,1
826,2024-12-05 03:00:00,675.2,10,25,1
827,2024-11-29 17:00:00,525.71,6,31,0
828,2024-12-23 20:00:00,784.73,9,7,1
829,2024-11-28 21:00:00,318.53,7,32,0
830,2024-10-21 19:00:00,1159.48,10,70,0
831,2024-12-02 07:00:00,1033.1,10,28,1
832,2024-11-16 08:00:00,619.99,8,44,0
833,2024-10-06 18:00:00,394.45000000000005,3,85,0
834,2024-12-11 20:00:00,350.90999999999997,10,19,1
835,2024-06-09 09:00:00,249.41000000000003,5,204,0
836,2024-12-25 04:00:00,656.35,13,5,1
837,2024-10-16 09:00:00,642.87,11,75,0
838,2024-12-29 17:00:00,432.21000000000004,12,1,1
839,2024-12-11 07:00:00,298.95,10,19,1
840,2024-12-27 12:00:00,412.88,8,3,0
841,2024-12-22 07:00:00,482.88,8,8,0
842,2024-12-18 15:00:00,356.55999999999995,7,12,0
843,2024-11-26 12:00:00,605.66,11,34,1
844,2024-12-11 13:00:00,462.44,7,19,0
845,2024-12-13 10:00:00,668.76,8,17,0
846,2024-08-03 10:00:00,169.03,7,149,0
847,2024-11-03 02:00:00,626.34,8,57,0
848,2024-11-27 22:00:00,520.14,6,33,0
849,2024-11-22 17:00:00,604.1700000000001,13,38,1
850,2024-12-23 12:00:00,629.91,12,7,1
851,2024-12-30 10:00:00,170.06,6,0,0
852,2024-08-28 08:00:00,349.28999999999996,7,124,0
853,2024-12-23 10:00:00,809.0,12,7,1
854,2024-12-29 23:00:00,301.24,7,1,0
855,2024-12-05 10:00:00,604.02,9,25,1
856,2024-10-13 11:00:00,595.05,7,78,0
857,2024-10-28 01:00:00,499.5,6,63,0
858,2024-11-14 04:00:00,427.2,7,46,0
859,2024-09-25 04:00:00,193.14,5,96,0
860,2024-12-20 10:00:00,538.19,12,10,1
861,2024-12-15 23:00:00,1101.83,15,15,1
862,2024-12-06 11:00:00,69.22,4,24,0
863,2024-12-20 15:00:00,515.9300000000001,8,10,0
864,2024-09-18 16:00:00,301.98,7,103,0
865,2024-10-31 13:00:00,351.71,9,60,0
866,2024-11-04 09:00:00,374.94,6,56,0
867,2024-12-26 16:00:00,495.17,6,4,0
868,2024-09-29 19:00:00,485.39,10,92,0
869,2024-12-19 05:00:00,442.36,6,11,0
870,2024-06-19 05:00:00,210.89,4,194,0
871,2024-12-09 06:00:00,691.29,10,21,1
872,2024-11-26 20:00:00,384.13,6,34,0
873,2024-12-25 03:00:00,539.13,7,5,0
874,2024-12-04 07:00:00,449.29,5,26,0
875,2024-12-23 08:00:00,230.3,4,7,0
876,2024-11-18 20:00:00,188.52,5,42,0
877,2024-12-11 08:00:00,744.81,10,19,1
878,2024-12-10 22:00:00,1002.87,12,20,1
879,2024-11-18 02:00:00,712.41,14,42,1
880,2024-12-11 00:00:00,237.60999999999999,5,19,0
881,2024-10-27 03:00:00,411.99,7,64,0
882,2024-12-26 07:00:00,580.27,8,4,0
883,2024-12-27 23:00:00,574.94,9,3,1
884,2024-10-14 01:00:00,723.98,9,77,0
885,2024-11-23 03:00:00,588.46,5,37,0
886,2024-12-26 18:00:00,292.96,5,4,0
887,2024-12-18 19:00:00,490.25,8,12,0
888,2024-12-09 02:00:00,445.67,6,21,0
889,2024-11-21 02:00:00,356.06,7,39,0
890,2024-12-23 02:00:00,610.43,14,7,1
891,2024-12-11 05:00:00,760.6899999999999,6,19,0
892,2024-05-28 08:00:00,487.98,6,216,0
893,2024-08-25 18:00:00,244.07,7,127,0
894,2024-11-22 20:00:00,335.16999999999996,3,38,0
895,2024-12-10 00:00:00,487.0400000000001,4,20,0
896,2024-12-21 22:00:00,573.95,10,9,1
897,2024-12-06 20:00:00,628.38,10,24,1
898,2024-12-07 13:00:00,326.7,7,23,0
899,2024-12-27 06:00:00,552.0,14,3,1
900,2024-09-25 19:00:00,240.12,5,96,0
901,2024-11-12 05:00:00,406.2,7,48,0
902,2024-12-30 23:00:00,1087.3,15,0,1
903,2024-12-03 12:00:00,406.39,7,27,0
904,2024-09-26 19:00:00,297.11,5,95,0
905,2024-10-17 15:00:00,359.05,8,74,0
906,2024-10-24 04:00:00,263.82,7,67,0
907,2024-11-29 16:00:00,719.03,8,31,0
908,2024-12-22 04:00:00,946.21,18,8,1
909,2024-10-05 12:00:00,174.14,7,86,0
910,2024-10-24 07:00:00,359.27,4,67,0
911,2024-12-11 11:00:00,488.57,8,19,0
912,2024-07-23 11:00:00,203.47,4,160,0
913,2024-03-10 14:00:00,105.23,3,295,0
914,2024-12-01 07:00:00,407.71000000000004,8,29,0
915,2024-12-28 14:00:00,564.04,12,2,1
916,2024-11-16 02:00:00,501.39,8,44,0
917,2024-11-11 00:00:00,413.45,8,49,0
918,2024-09-13 04:00:00,484.54,8,108,0
919,2024-12-02 19:00:00,709.79,10,28,1
920,2024-12-03 18:00:00,481.34000000000003,9,27,1
921,2024-12-02 21:00:00,800.3000000000001,7,28,0
922,2024-10-01 09:00:00,414.32,9,90,0
923,2024-12-09 06:00:00,514.51,9,21,1
924,2024-12-14 22:00:00,704.33,8,16,0
925,2024-12-24 05:00:00,485.39,9,6,1
926,2024-12-11 14:00:00,718.5,11,19,1
927,2024-12-13 16:00:00,371.73,11,17,1
928,2024-12-11 04:00:00,400.83,4,19,0
929,2024-11-11 21:00:00,526.97,8,49,0
930,2024-10-25 04:00:00,762.62,7,66,0
931,2024-12-28 14:00:00,617.3,10,2,1
932,2024-08-12 09:00:00,743.44,6,140,0
933,2024-11-16 18:00:00,652.4200000000001,7,44,0
934,2024-12-02 02:00:00,404.67,9,28,1
935,2024-11-18 21:00:00,504.96,8,42,0
936,2024-12-30 10:00:00,736.2099999999999,11,0,1
937,2024-12-24 21:00:00,1072.77,11,6,1
938,2024-12-20 01:00:00,308.38,9,10,1
939,2024-11-13 10:00:00,746.14,12,47,1
940,2024-12-08 11:00:00,637.72,11,22,1
941,2024-09-24 15:00:00,701.71,8,97,0
942,2024-10-27 05:00:00,287.96000000000004,4,64,0
943,2024-12-03 10:00:00,968.97,13,27,1
944,2024-09-25 02:00:00,368.56,7,96,0
945,2024-12-23 06:00:00,426.7,9,7,1
946,2024-10-24 13:00:00,1091.03,9,67,0
947,2024-12-19 23:00:00,805.0,10,11,1
948,2024-12-09 18:00:00,350.27,9,21,1
949,2024-12-29 21:00:00,325.78,10,1,1
950,2024-11-20 09:00:00,985.85,11,40,1
951,2024-12-21 00:00:00,369.07,7,9,0
952,2024-12-20 07:00:00,681.39,12,10,1
953,2024-09-25 23:00:00,326.65000000000003,4,96,0
954,2024-11-24 02:00:00,797.91,12,36,1
955,2024-12-18 20:00:00,675.78,9,12,1
956,2024-11-14 21:00:00,697.8399999999999,7,46,0
957,2024-12-29 20:00:00,454.15999999999997,10,1,1
958,2024-12-01 04:00:00,578.44,11,29,1
959,2024-12-02 22:00:00,606.1,11,28,1
960,2024-12-20 09:00:00,826.16,9,10,1
961,2024-12-22 07:00:00,129.91000000000003,5,8,0
962,2024-10-01 16:00:00,436.90999999999997,8,90,0
963,2024-12-17 09:00:00,533.18,11,13,1
964,2024-11-27 05:00:00,212.56,4,33,0
965,2024-12-27 17:00:00,328.0,6,3,0
966,2024-12-16 10:00:00,353.83,9,14,1
967,2024-09-13 18:00:00,671.97,11,108,0
968,2024-12-22 07:00:00,317.26,10,8,1
969,2024-12-29 09:00:00,588.78,9,1,1
970,2024-09-30 10:00:00,661.6999999999999,10,91,0
971,2024-11-16 16:00:00,630.19,12,44,1
972,2024-09-13 11:00:00,218.67,4,108,0
973,2024-12-26 08:00:00,230.98,7,4,0
974,2024-09-16 05:00:00,336.03,5,105,0
975,2024-09-25 00:00:00,303.54999999999995,5,96,0
976,2024-12-12 08:00:00,179.01,5,18,0
977,2024-12-07 13:00:00,231.27,5,23,0
978,2024-10-21 10:00:00,365.29,7,70,0
979,2024-12-17 09:00:00,1009.08,13,13,1
980,2024-09-29 07:00:00,220.74,4,92,0
981,2024-11-11 20:00:00,593.74,11,49,1
982,2024-12-13 20:00:00,163.19,3,17,0
983,2024-12-16 17:00:00,521.76,8,14,0
984,2024-11-30 10:00:00,711.01,8,30,0
985,2024-10-20 05:00:00,596.76,9,71,0
986,2024-08-25 18:00:00,380.26,6,127,0
987,2024-12-25 11:00:00,429.97999999999996,7,5,0
988,2024-11-05 15:00:00,1320.92,15,55,1
989,2024-10-11 13:00:00,295.77,8,80,0
990,2024-08-19 16:00:00,329.61,8,133,0
991,2024-12-15 14:00:00,559.5,6,15,0
992,2024-11-10 13:00:00,1537.24,14,50,1
993,2024-12-25 10:00:00,455.87,12,5,1
994,2024-11-28 21:00:00,568.2099999999999,10,32,1
995,2024-11-21 22:00:00,407.21,5,39,0
996,2024-11-05 23:00:00,334.95,6,55,0
997,2024-11-18 03:00:00,331.09,6,42,0
998,2024-10-28 05:00:00,578.3,6,63,0
999,2024-11-12 21:00:00,257.69,7,48,0
1000,2024-11-08 05:00:00,234.0,4,52,0
