customer_id,recency_days,frequency,monetary,avg_amount,qty_mean,channels,first_purchase,tenure_days,label
1,28,11,433.04,39.36727272727273,1.0,3,2024-01-23 22:00:00,343,1
2,5,11,986.36,89.66909090909091,1.2727272727272727,3,2024-01-01 15:00:00,365,1
3,64,9,678.74,75.41555555555556,1.2222222222222223,2,2024-01-09 01:00:00,357,0
4,26,9,764.18,84.90888888888888,1.7777777777777777,3,2024-03-27 02:00:00,279,1
5,4,9,537.76,59.75111111111111,1.3333333333333333,3,2024-03-22 02:00:00,284,1
6,33,5,252.03,50.406,1.4,3,2024-05-20 12:00:00,225,0
7,52,10,409.86,40.986000000000004,1.4,3,2024-01-11 07:00:00,355,1
8,25,4,221.99,55.4975,1.0,3,2024-01-02 17:00:00,364,0
9,20,8,498.07,62.25875,1.25,3,2024-01-03 16:00:00,363,0
10,20,7,496.65,70.95,1.0,3,2024-03-29 13:00:00,277,0
11,148,5,322.36,64.47200000000001,1.4,3,2024-01-27 14:00:00,339,0
12,10,10,649.8,64.97999999999999,1.3,3,2024-01-01 12:00:00,365,1
13,91,4,117.95,29.4875,1.0,3,2024-02-13 22:00:00,322,0
14,250,1,11.01,11.01,1.0,1,2024-04-25 10:00:00,250,0
15,40,10,585.0699999999999,58.50699999999999,1.9,3,2024-01-25 02:00:00,341,1
16,33,17,1601.61,94.21235294117646,1.7058823529411764,3,2024-01-12 02:00:00,354,1
17,22,6,335.99,55.998333333333335,1.0,3,2024-02-20 03:00:00,315,0
18,82,6,423.95,70.65833333333333,1.0,3,2024-01-05 04:00:00,361,0
19,9,8,276.28,34.535,1.125,3,2024-01-23 06:00:00,343,0
20,45,6,673.32,112.22000000000001,1.3333333333333333,3,2024-01-24 21:00:00,342,0
21,81,12,542.78,45.23166666666666,1.3333333333333333,3,2024-01-19 04:00:00,347,0
22,30,11,741.61,67.41909090909091,1.9090909090909092,3,2024-01-14 05:00:00,352,1
23,97,8,400.43,50.05375,1.0,2,2024-01-14 22:00:00,352,0
24,5,7,328.43,46.91857142857143,1.2857142857142858,3,2024-03-01 22:00:00,305,0
25,12,8,370.57,46.32125,1.125,3,2024-01-13 05:00:00,353,0
26,67,10,590.6,59.06,1.1,3,2024-01-18 03:00:00,348,0
27,18,12,657.54,54.794999999999995,1.1666666666666667,3,2024-01-13 09:00:00,353,1
28,24,7,401.1,57.300000000000004,1.1428571428571428,3,2024-03-18 23:00:00,288,0
29,183,7,419.98,59.99714285714286,1.5714285714285714,3,2024-01-30 07:00:00,336,0
30,7,13,537.81,41.37,1.3076923076923077,3,2024-01-25 00:00:00,341,1
31,45,5,297.55,59.510000000000005,1.4,3,2024-04-21 13:00:00,254,0
32,26,7,595.33,85.04714285714286,1.2857142857142858,3,2024-02-12 21:00:00,323,0
33,130,9,598.75,66.52777777777777,1.3333333333333333,3,2024-01-03 00:00:00,363,0
34,142,4,234.17000000000002,58.542500000000004,1.5,3,2024-05-03 12:00:00,242,0
35,15,8,648.53,81.06625,1.5,3,2024-05-15 18:00:00,230,0
36,118,7,497.98,71.14,1.1428571428571428,3,2024-02-06 01:00:00,329,0
37,84,6,448.6,74.76666666666667,1.0,3,2024-03-26 07:00:00,280,0
38,21,12,627.83,52.31916666666667,1.6666666666666667,3,2024-02-24 22:00:00,311,1
39,55,5,344.28,68.856,1.4,3,2024-02-23 00:00:00,312,0
40,90,11,887.58,80.68909090909091,1.3636363636363635,3,2024-01-23 16:00:00,343,0
41,4,11,777.38,70.67090909090909,1.2727272727272727,3,2024-01-17 08:00:00,349,1
42,62,6,255.01,42.501666666666665,1.1666666666666667,3,2024-01-21 09:00:00,345,0
43,3,9,820.0600000000001,91.11777777777779,1.5555555555555556,3,2024-01-19 15:00:00,347,1
44,47,6,147.60999999999999,24.601666666666663,1.6666666666666667,3,2024-02-01 06:00:00,334,0
45,5,7,488.33,69.76142857142857,1.2857142857142858,3,2024-02-22 20:00:00,313,0
46,1,8,944.04,118.005,1.875,3,2024-03-17 08:00:00,289,0
47,33,6,318.28999999999996,53.048333333333325,1.1666666666666667,2,2024-06-01 15:00:00,213,0
48,78,5,248.87,49.774,1.0,3,2024-01-18 15:00:00,348,0
49,3,9,638.5,70.94444444444444,1.7777777777777777,3,2024-01-06 20:00:00,360,1
50,18,6,119.08,19.846666666666668,1.0,3,2024-04-21 17:00:00,254,0
51,105,8,405.58000000000004,50.697500000000005,1.375,2,2024-02-08 09:00:00,327,0
52,97,11,603.1800000000001,54.83454545454546,1.1818181818181819,3,2024-02-21 11:00:00,314,0
53,34,6,396.13,66.02166666666666,1.3333333333333333,2,2024-01-08 09:00:00,358,0
54,117,5,229.43,45.886,1.2,3,2024-06-21 22:00:00,193,0
55,73,16,1273.86,79.61625,1.4375,3,2024-01-31 09:00:00,335,0
56,31,3,112.85,37.61666666666667,1.0,2,2024-04-28 09:00:00,247,0
57,160,2,246.98000000000002,123.49000000000001,1.0,2,2024-03-10 19:00:00,296,0
58,73,7,419.32,59.902857142857144,1.2857142857142858,3,2024-02-22 00:00:00,313,0
59,104,6,332.41,55.40166666666667,1.1666666666666667,2,2024-01-10 03:00:00,356,0
60,55,9,867.3599999999999,96.37333333333332,1.6666666666666667,2,2024-01-06 04:00:00,360,1
61,31,5,351.98,70.396,1.4,3,2024-01-25 13:00:00,341,0
62,8,6,387.31,64.55166666666666,1.3333333333333333,3,2024-01-14 22:00:00,352,0
63,52,10,824.02,82.402,1.7,3,2024-03-29 02:00:00,277,1
64,23,4,307.09000000000003,76.77250000000001,1.25,3,2024-04-04 02:00:00,271,0
65,29,13,586.38,45.106153846153845,1.0,3,2024-02-23 23:00:00,312,1
66,43,8,497.75,62.21875,1.375,3,2024-01-22 15:00:00,344,0
67,9,9,482.45,53.605555555555554,1.1111111111111112,2,2024-01-03 23:00:00,363,1
68,9,4,435.59000000000003,108.89750000000001,1.5,3,2024-03-09 14:00:00,297,0
69,78,11,540.83,49.16636363636364,1.1818181818181819,3,2024-01-25 21:00:00,341,0
70,181,4,164.73,41.1825,1.0,3,2024-01-08 02:00:00,358,0
71,64,7,518.56,74.08,1.2857142857142858,3,2024-06-12 04:00:00,202,0
72,5,11,1344.83,122.25727272727272,1.5454545454545454,3,2024-02-08 01:00:00,327,1
73,171,7,605.88,86.55428571428571,1.5714285714285714,3,2024-01-04 11:00:00,362,0
74,15,7,279.73,39.96142857142858,1.0,3,2024-01-10 23:00:00,356,0
75,59,11,674.36,61.305454545454545,1.0909090909090908,3,2024-02-22 18:00:00,313,1
76,97,5,213.94,42.788,1.8,2,2024-02-26 01:00:00,309,0
77,50,7,355.1,50.728571428571435,1.0,3,2024-04-25 02:00:00,250,0
78,63,6,334.85,55.80833333333334,1.0,3,2024-01-30 07:00:00,336,0
79,12,5,570.02,114.00399999999999,1.0,3,2024-01-09 01:00:00,357,0
80,7,8,307.12,38.39,1.125,3,2024-01-18 14:00:00,348,0
81,8,9,339.76,37.75111111111111,1.4444444444444444,3,2024-02-13 18:00:00,322,1
82,8,12,793.33,66.11083333333333,1.3333333333333333,3,2024-02-03 01:00:00,332,1
83,101,12,695.24,57.93666666666667,1.0833333333333333,3,2024-02-13 00:00:00,322,0
84,29,7,538.74,76.96285714285715,1.2857142857142858,3,2024-02-22 02:00:00,313,0
85,150,5,296.01,59.202,1.8,3,2024-01-30 20:00:00,336,0
86,42,6,283.37,47.22833333333333,1.0,3,2024-02-12 11:00:00,323,0
87,65,8,479.36,59.92,1.0,3,2024-03-08 19:00:00,298,0
88,43,11,869.2,79.01818181818182,1.6363636363636365,3,2024-02-19 06:00:00,316,1
89,21,12,659.22,54.935,1.5,3,2024-01-15 04:00:00,351,1
90,80,8,492.49,61.56125,1.125,3,2024-01-28 21:00:00,338,0
91,128,4,540.3399999999999,135.08499999999998,1.5,3,2024-02-14 00:00:00,321,0
92,94,5,259.34,51.867999999999995,1.4,3,2024-01-21 23:00:00,345,0
93,69,8,510.46,63.8075,1.125,3,2024-02-15 01:00:00,320,0
94,27,8,579.3,72.4125,1.0,3,2024-02-24 11:00:00,311,0
95,1,6,409.79,68.29833333333333,1.0,3,2024-02-10 03:00:00,325,0
96,14,7,527.24,75.32000000000001,1.0,3,2024-01-31 21:00:00,335,0
97,1,4,358.33,89.5825,1.5,1,2024-03-11 00:00:00,295,0
98,37,8,511.96000000000004,63.995000000000005,1.75,3,2024-03-08 13:00:00,298,0
99,25,13,554.93,42.68692307692307,1.2307692307692308,3,2024-01-01 20:00:00,365,1
100,4,13,808.36,62.181538461538466,1.2307692307692308,3,2024-01-23 03:00:00,343,1
101,70,14,1069.23,76.37357142857142,1.4285714285714286,3,2024-01-02 19:00:00,364,0
102,5,5,366.13,73.226,1.4,3,2024-02-16 04:00:00,319,0
103,17,5,284.52,56.903999999999996,1.4,2,2024-06-30 02:00:00,184,0
104,55,5,345.15,69.03,1.4,3,2024-02-08 18:00:00,327,0
105,76,11,935.8,85.07272727272726,1.1818181818181819,3,2024-01-10 08:00:00,356,0
106,60,13,997.12,76.70153846153846,1.4615384615384615,3,2024-01-07 16:00:00,359,1
107,20,12,1200.89,100.07416666666667,1.4166666666666667,3,2024-01-03 07:00:00,363,1
108,2,6,334.57,55.76166666666666,1.0,3,2024-05-31 09:00:00,214,0
109,6,9,350.05,38.894444444444446,1.0,3,2024-02-16 21:00:00,319,1
110,38,9,415.07,46.11888888888889,1.5555555555555556,3,2024-02-22 13:00:00,313,1
111,44,12,884.37,73.6975,1.25,3,2024-02-03 14:00:00,332,1
112,49,11,871.41,79.21909090909091,1.1818181818181819,3,2024-01-06 01:00:00,360,1
113,67,9,368.70000000000005,40.96666666666667,1.3333333333333333,3,2024-01-18 03:00:00,348,0
114,27,8,207.84,25.98,1.125,3,2024-01-26 14:00:00,340,0
115,14,8,393.99,49.24875,1.25,3,2024-03-20 23:00:00,286,0
116,29,8,406.09000000000003,50.761250000000004,1.125,3,2024-02-09 08:00:00,326,0
117,9,11,596.24,54.20363636363636,1.3636363636363635,3,2024-01-25 14:00:00,341,1
118,45,9,462.22,51.357777777777784,1.2222222222222223,3,2024-01-05 00:00:00,361,1
119,63,8,333.19,41.64875,1.125,3,2024-01-08 22:00:00,358,0
120,28,4,89.76,22.44,1.5,3,2024-01-28 20:00:00,338,0
121,46,6,205.32,34.22,1.0,3,2024-01-06 23:00:00,360,0
122,17,10,548.91,54.891,1.4,3,2024-01-27 01:00:00,339,1
123,4,7,324.21999999999997,46.317142857142855,1.1428571428571428,2,2024-02-06 21:00:00,329,0
124,15,9,210.63,23.403333333333332,1.2222222222222223,3,2024-01-14 07:00:00,352,1
125,9,13,708.51,54.50076923076923,1.3846153846153846,3,2024-01-02 11:00:00,364,1
126,29,10,409.08,40.908,1.0,3,2024-02-07 20:00:00,328,1
127,1,6,229.31,38.218333333333334,1.3333333333333333,2,2024-09-19 16:00:00,103,0
128,2,7,835.16,119.30857142857143,1.8571428571428572,3,2024-01-20 04:00:00,346,0
129,143,4,192.16,48.04,1.5,2,2024-01-10 07:00:00,356,0
130,11,9,338.36,37.595555555555556,1.0,3,2024-01-07 08:00:00,359,1
131,13,8,456.08000000000004,57.010000000000005,1.625,3,2024-01-22 19:00:00,344,0
132,58,9,502.63,55.84777777777778,1.1111111111111112,3,2024-03-16 16:00:00,290,1
133,43,12,1126.67,93.88916666666667,1.4166666666666667,3,2024-03-02 00:00:00,304,1
134,34,9,339.32,37.70222222222222,1.0,3,2024-03-07 15:00:00,299,1
135,49,4,307.94,76.985,1.0,2,2024-01-23 10:00:00,343,0
136,62,3,70.11,23.37,1.3333333333333333,1,2024-04-26 23:00:00,249,0
137,7,7,632.5600000000001,90.36571428571429,1.2857142857142858,3,2024-05-01 14:00:00,244,0
138,8,5,360.39,72.078,1.8,2,2024-02-13 21:00:00,322,0
139,11,9,374.34000000000003,41.593333333333334,1.2222222222222223,3,2024-04-11 21:00:00,264,1
140,38,10,608.71,60.871,1.2,3,2024-01-09 09:00:00,357,1
141,30,11,488.99,44.45363636363636,1.1818181818181819,3,2024-02-18 18:00:00,317,1
142,62,7,932.08,133.15428571428572,1.8571428571428572,3,2024-03-30 17:00:00,276,0
143,17,10,556.87,55.687,1.4,3,2024-03-10 21:00:00,296,1
144,167,6,633.2800000000001,105.54666666666668,1.1666666666666667,2,2024-01-20 00:00:00,346,0
145,104,7,476.53,68.07571428571428,1.4285714285714286,3,2024-01-05 12:00:00,361,0
146,38,10,482.93,48.293,1.2,3,2024-01-16 08:00:00,350,1
147,1,10,644.0699999999999,64.407,1.1,2,2024-02-26 00:00:00,309,1
148,91,6,392.04999999999995,65.34166666666665,1.1666666666666667,3,2024-01-18 05:00:00,348,0
149,11,16,1477.74,92.35875,1.6875,3,2024-01-06 19:00:00,360,1
150,14,9,891.55,99.0611111111111,1.5555555555555556,3,2024-02-06 20:00:00,329,1
151,98,5,121.53,24.306,1.2,3,2024-01-02 23:00:00,364,0
152,30,13,546.41,42.03153846153846,1.1538461538461537,3,2024-02-14 19:00:00,321,1
153,17,8,296.37,37.04625,1.0,3,2024-01-25 02:00:00,341,0
154,85,7,366.15,52.30714285714286,1.1428571428571428,3,2024-01-23 14:00:00,343,0
155,86,7,239.45,34.207142857142856,1.0,3,2024-02-22 10:00:00,313,0
156,2,11,510.36,46.39636363636364,1.1818181818181819,3,2024-01-02 04:00:00,364,1
157,156,5,182.81,36.562,1.2,3,2024-01-27 20:00:00,339,0
158,3,8,222.9,27.8625,1.125,3,2024-02-06 22:00:00,329,0
159,12,5,225.19,45.038,1.2,3,2024-01-12 00:00:00,354,0
160,94,7,243.54,34.79142857142857,1.4285714285714286,3,2024-01-18 05:00:00,348,0
161,15,10,421.61,42.161,1.5,3,2024-01-17 19:00:00,349,1
162,17,7,395.86,56.55142857142857,1.4285714285714286,2,2024-03-22 23:00:00,284,0
163,39,6,309.98,51.663333333333334,1.1666666666666667,3,2024-04-28 11:00:00,247,0
164,62,9,573.96,63.77333333333334,1.2222222222222223,3,2024-01-09 14:00:00,357,0
165,120,3,79.41,26.47,1.0,2,2024-01-01 21:00:00,365,0
166,7,5,757.39,151.478,1.8,2,2024-03-01 16:00:00,305,0
167,23,8,700.98,87.6225,1.5,3,2024-02-26 09:00:00,309,0
168,17,8,310.36,38.795,1.25,3,2024-02-03 03:00:00,332,0
169,15,13,995.16,76.55076923076923,1.5384615384615385,3,2024-01-08 02:00:00,358,1
170,1,7,440.08000000000004,62.868571428571435,1.2857142857142858,3,2024-02-23 15:00:00,312,0
171,11,9,432.05,48.00555555555556,1.3333333333333333,3,2024-01-28 07:00:00,338,1
172,26,8,449.85,56.23125,1.125,3,2024-02-07 08:00:00,328,0
173,3,10,397.87,39.787,1.2,3,2024-05-09 14:00:00,236,1
174,35,9,453.93,50.43666666666667,1.4444444444444444,3,2024-02-05 13:00:00,330,1
175,27,8,538.89,67.36125,1.375,3,2024-01-14 01:00:00,352,0
176,46,5,430.98,86.196,1.4,3,2024-01-05 12:00:00,361,0
177,25,9,972.92,108.10222222222222,1.7777777777777777,3,2024-01-31 17:00:00,335,1
178,17,7,416.99,59.57,1.0,3,2024-01-11 10:00:00,355,0
179,90,5,114.27,22.854,1.2,3,2024-01-28 15:00:00,338,0
180,64,8,569.6600000000001,71.20750000000001,1.25,3,2024-01-03 21:00:00,363,0
181,66,11,759.2,69.01818181818182,1.4545454545454546,3,2024-01-19 01:00:00,347,0
182,37,9,401.42,44.602222222222224,1.2222222222222223,3,2024-02-17 03:00:00,318,1
183,52,7,320.56,45.794285714285714,1.0,3,2024-02-10 06:00:00,325,0
184,10,9,394.82,43.86888888888889,1.4444444444444444,3,2024-03-06 12:00:00,300,1
185,1,9,456.06,50.67333333333333,1.2222222222222223,3,2024-03-09 01:00:00,297,1
186,40,8,541.72,67.715,1.125,3,2024-02-18 18:00:00,317,0
187,2,14,859.03,61.35928571428571,1.2142857142857142,3,2024-01-21 12:00:00,345,1
188,104,10,612.69,61.269000000000005,1.3,3,2024-01-09 19:00:00,357,0
189,20,12,631.64,52.63666666666666,1.1666666666666667,3,2024-01-10 17:00:00,356,1
190,116,4,193.35,48.3375,1.0,2,2024-02-29 12:00:00,306,0
191,224,6,499.11,83.185,1.0,3,2024-01-21 02:00:00,345,0
192,6,11,461.14,41.92181818181818,1.2727272727272727,3,2024-01-17 11:00:00,349,1
193,2,9,678.38,75.37555555555555,1.2222222222222223,3,2024-01-02 22:00:00,364,1
194,3,11,462.03,42.00272727272727,1.0909090909090908,3,2024-01-02 22:00:00,364,1
195,13,9,400.28000000000003,44.47555555555556,1.4444444444444444,3,2024-01-08 07:00:00,358,1
196,44,5,318.7,63.739999999999995,1.2,3,2024-03-26 01:00:00,280,0
197,51,7,663.2099999999999,94.74428571428571,1.5714285714285714,3,2024-01-31 11:00:00,335,0
198,15,7,512.92,73.27428571428571,1.0,3,2024-03-20 00:00:00,286,0
199,56,11,593.7,53.972727272727276,1.0909090909090908,3,2024-02-02 23:00:00,333,1
200,3,10,531.08,53.108000000000004,1.0,3,2024-02-05 07:00:00,330,1
201,48,6,328.89,54.815,1.6666666666666667,3,2024-01-10 01:00:00,356,0
202,32,8,351.89,43.98625,1.0,2,2024-01-12 19:00:00,354,0
203,76,12,581.09,48.42416666666667,1.4166666666666667,3,2024-02-01 04:00:00,334,0
204,21,8,494.38,61.7975,1.25,3,2024-01-16 22:00:00,350,0
205,75,7,338.17,48.31,1.2857142857142858,3,2024-02-25 06:00:00,310,0
206,25,7,347.18,49.597142857142856,1.2857142857142858,3,2024-03-02 03:00:00,304,0
207,14,8,356.76,44.595,1.0,3,2024-02-28 13:00:00,307,0
208,52,10,420.5,42.05,1.4,3,2024-01-07 08:00:00,359,1
209,119,8,470.47,58.80875,1.375,3,2024-01-14 08:00:00,352,0
210,19,8,675.1999999999999,84.39999999999999,1.5,3,2024-01-14 11:00:00,352,0
211,113,7,770.43,110.06142857142856,2.0,2,2024-01-29 02:00:00,337,0
212,154,3,243.13,81.04333333333334,1.0,3,2024-01-06 08:00:00,360,0
213,42,8,351.46000000000004,43.932500000000005,1.25,2,2024-01-18 10:00:00,348,0
214,26,10,1244.4099999999999,124.44099999999999,1.7,3,2024-01-15 16:00:00,351,1
215,51,8,447.4,55.925,1.5,2,2024-01-12 01:00:00,354,0
216,47,11,619.7,56.33636363636364,1.3636363636363635,3,2024-02-17 16:00:00,318,1
217,15,4,322.61,80.6525,1.5,2,2024-01-06 10:00:00,360,0
218,3,7,916.66,130.95142857142858,2.0,3,2024-03-27 17:00:00,279,0
219,10,6,232.34,38.723333333333336,1.1666666666666667,2,2024-01-17 03:00:00,349,0
220,90,5,417.21000000000004,83.44200000000001,1.4,3,2024-01-28 06:00:00,338,0
221,14,9,746.4,82.93333333333334,1.2222222222222223,2,2024-02-18 23:00:00,317,1
222,34,8,333.66999999999996,41.708749999999995,1.25,3,2024-01-09 05:00:00,357,0
223,17,5,466.19,93.238,1.4,3,2024-01-19 04:00:00,347,0
224,139,6,539.71,89.95166666666667,1.5,2,2024-01-02 11:00:00,364,0
225,13,11,1038.8700000000001,94.44272727272728,1.3636363636363635,3,2024-02-14 06:00:00,321,1
226,88,6,501.55,83.59166666666667,1.1666666666666667,3,2024-03-28 18:00:00,278,0
227,56,7,447.11,63.87285714285714,1.0,3,2024-01-11 09:00:00,355,0
228,64,7,423.22,60.46,1.1428571428571428,3,2024-01-06 21:00:00,360,0
229,17,12,1256.87,104.73916666666666,1.8333333333333333,3,2024-01-12 14:00:00,354,1
230,1,10,456.94,45.694,1.2,3,2024-01-20 08:00:00,346,1
231,163,2,178.97,89.485,2.0,2,2024-07-08 13:00:00,176,0
232,8,7,620.76,88.67999999999999,1.5714285714285714,3,2024-01-30 22:00:00,336,0
233,24,18,711.68,39.53777777777778,1.0555555555555556,3,2024-04-08 18:00:00,267,1
234,63,8,591.4300000000001,73.92875000000001,1.375,3,2024-02-24 01:00:00,311,0
235,7,6,499.45,83.24166666666666,1.3333333333333333,3,2024-03-15 11:00:00,291,0
236,24,4,139.45,34.8625,1.0,3,2024-02-03 10:00:00,332,0
237,87,8,367.42,45.9275,1.625,3,2024-01-21 01:00:00,345,0
238,82,7,383.33,54.76142857142857,1.2857142857142858,2,2024-01-10 23:00:00,356,0
239,23,7,389.14,55.59142857142857,1.1428571428571428,3,2024-01-28 05:00:00,338,0
240,3,7,441.21,63.029999999999994,1.4285714285714286,3,2024-02-28 14:00:00,307,0
241,17,4,247.52999999999997,61.88249999999999,1.0,1,2024-01-30 14:00:00,336,0
242,46,9,366.13,40.68111111111111,1.3333333333333333,3,2024-01-12 17:00:00,354,1
243,2,7,237.95,33.99285714285714,1.0,3,2024-01-02 14:00:00,364,0
244,31,12,1006.45,83.87083333333334,1.25,3,2024-01-12 14:00:00,354,1
245,8,10,610.48,61.048,1.3,3,2024-02-26 11:00:00,309,1
246,77,11,1399.02,127.18363636363637,1.5454545454545454,3,2024-01-07 21:00:00,359,0
247,23,5,342.8,68.56,1.6,3,2024-01-16 14:00:00,350,0
248,13,11,844.8299999999999,76.80272727272727,1.6363636363636365,3,2024-01-19 07:00:00,347,1
249,196,6,636.19,106.03166666666668,1.3333333333333333,2,2024-01-26 09:00:00,340,0
250,3,7,617.8100000000001,88.25857142857144,1.2857142857142858,3,2024-03-27 09:00:00,279,0
251,26,3,391.01,130.33666666666667,1.3333333333333333,3,2024-02-10 02:00:00,325,0
252,9,5,354.43,70.886,1.6,2,2024-01-21 18:00:00,345,0
253,77,7,629.84,89.97714285714287,1.2857142857142858,2,2024-02-29 09:00:00,306,0
254,36,10,557.26,55.726,1.0,3,2024-01-17 04:00:00,349,1
255,8,6,357.08,59.51333333333333,1.1666666666666667,3,2024-02-14 16:00:00,321,0
256,28,8,341.66,42.7075,1.125,3,2024-01-09 22:00:00,357,0
257,20,9,619.76,68.86222222222221,1.1111111111111112,3,2024-01-08 16:00:00,358,1
258,7,7,334.94,47.848571428571425,1.1428571428571428,3,2024-01-06 11:00:00,360,0
259,18,6,344.15999999999997,57.35999999999999,1.0,3,2024-05-07 20:00:00,238,0
260,32,6,325.48,54.24666666666667,1.0,3,2024-01-23 07:00:00,343,0
261,143,6,309.3,51.550000000000004,1.0,3,2024-02-16 03:00:00,319,0
262,82,2,505.42,252.71,2.0,2,2024-06-25 15:00:00,189,0
263,49,7,667.26,95.32285714285715,1.7142857142857142,3,2024-03-25 17:00:00,281,0
264,38,4,279.55,69.8875,1.75,3,2024-03-30 07:00:00,276,0
265,3,11,521.93,47.448181818181816,1.0909090909090908,3,2024-01-08 10:00:00,358,1
266,70,12,943.3,78.60833333333333,1.4166666666666667,2,2024-02-07 12:00:00,328,0
267,30,7,396.05,56.57857142857143,1.0,3,2024-05-13 10:00:00,232,0
268,93,4,305.42,76.355,1.75,2,2024-04-02 06:00:00,273,0
269,74,8,522.4499999999999,65.30624999999999,1.875,3,2024-03-05 05:00:00,301,0
270,4,8,513.22,64.1525,1.25,3,2024-02-02 14:00:00,333,0
271,47,8,292.46000000000004,36.557500000000005,1.375,2,2024-01-28 16:00:00,338,0
272,16,11,477.66999999999996,43.42454545454545,1.0,3,2024-01-22 21:00:00,344,1
273,3,11,821.28,74.66181818181818,1.2727272727272727,3,2024-02-05 05:00:00,330,1
274,1,6,628.72,104.78666666666668,1.8333333333333333,3,2024-02-29 21:00:00,306,0
275,4,11,689.08,62.64363636363637,1.3636363636363635,3,2024-01-07 08:00:00,359,1
276,53,7,565.3399999999999,80.76285714285713,1.5714285714285714,3,2024-02-17 18:00:00,318,0
277,39,8,608.17,76.02125,1.75,3,2024-02-20 06:00:00,315,0
278,15,9,495.6,55.06666666666667,1.5555555555555556,3,2024-01-18 11:00:00,348,1
279,63,4,363.14,90.785,1.75,1,2024-02-02 19:00:00,333,0
280,42,7,434.4,62.05714285714286,1.0,3,2024-02-23 20:00:00,312,0
281,17,7,356.14,50.87714285714286,1.1428571428571428,2,2024-01-19 14:00:00,347,0
282,68,6,297.44,49.57333333333333,1.0,3,2024-01-17 06:00:00,349,0
283,28,5,368.98,73.796,1.0,3,2024-01-14 14:00:00,352,0
284,7,6,301.98,50.330000000000005,1.6666666666666667,3,2024-01-04 09:00:00,362,0
285,23,13,824.3699999999999,63.413076923076915,1.4615384615384615,3,2024-01-04 16:00:00,362,1
286,26,4,78.67,19.6675,1.0,2,2024-02-18 01:00:00,317,0
287,112,4,209.70999999999998,52.427499999999995,1.5,2,2024-05-09 03:00:00,236,0
288,20,9,378.84999999999997,42.09444444444444,1.0,3,2024-02-18 05:00:00,317,1
289,29,10,518.27,51.827,1.4,3,2024-01-22 02:00:00,344,1
290,48,5,409.5,81.9,1.2,3,2024-01-18 09:00:00,348,0
291,17,10,562.99,56.299,1.1,3,2024-01-09 14:00:00,357,1
292,56,10,535.14,53.513999999999996,1.2,3,2024-01-17 04:00:00,349,1
293,4,9,682.58,75.84222222222223,1.5555555555555556,3,2024-01-25 15:00:00,341,1
294,31,13,614.17,47.24384615384615,1.3846153846153846,3,2024-03-21 07:00:00,285,1
295,19,7,268.51,38.35857142857143,1.0,3,2024-01-17 07:00:00,349,0
296,104,6,560.73,93.455,1.5,3,2024-02-08 19:00:00,327,0
297,26,8,509.45000000000005,63.681250000000006,1.375,3,2024-02-13 20:00:00,322,0
298,2,14,677.93,48.42357142857143,1.0,3,2024-02-05 19:00:00,330,1
299,41,7,315.08000000000004,45.011428571428574,1.5714285714285714,3,2024-04-01 13:00:00,274,0
300,64,8,700.5400000000001,87.56750000000001,1.5,3,2024-01-13 23:00:00,353,0
301,48,8,209.95999999999998,26.244999999999997,1.5,3,2024-03-11 08:00:00,295,0
302,88,11,487.58,44.32545454545454,1.3636363636363635,3,2024-04-09 03:00:00,266,0
303,32,9,462.1,51.34444444444445,1.0,3,2024-06-11 18:00:00,203,1
304,15,10,508.15,50.815,1.6,3,2024-01-05 11:00:00,361,1
305,6,11,548.04,49.82181818181818,1.1818181818181819,3,2024-04-29 11:00:00,246,1
306,27,9,424.32,47.14666666666667,1.0,3,2024-01-30 04:00:00,336,1
307,85,8,602.97,75.37125,1.125,3,2024-01-04 15:00:00,362,0
308,75,7,413.8,59.114285714285714,1.5714285714285714,3,2024-02-16 17:00:00,319,0
309,4,10,531.2900000000001,53.129000000000005,1.8,3,2024-02-13 08:00:00,322,1
310,135,5,279.93,55.986000000000004,1.4,2,2024-03-20 21:00:00,286,0
311,42,5,150.06,30.012,1.6,3,2024-01-25 06:00:00,341,0
312,88,2,173.72,86.86,1.5,1,2024-03-22 17:00:00,284,0
313,19,14,857.38,61.24142857142857,1.3571428571428572,3,2024-02-01 14:00:00,334,1
314,90,4,172.26000000000002,43.065000000000005,1.0,3,2024-01-21 17:00:00,345,0
315,48,7,250.62,35.80285714285714,1.7142857142857142,3,2024-02-27 23:00:00,308,0
316,74,9,1318.3400000000001,146.48222222222225,1.6666666666666667,3,2024-04-09 06:00:00,266,0
317,42,10,385.28,38.528,1.2,3,2024-02-07 19:00:00,328,1
318,94,6,643.99,107.33166666666666,1.3333333333333333,3,2024-01-26 21:00:00,340,0
319,2,10,708.6800000000001,70.86800000000001,1.2,3,2024-02-06 21:00:00,329,1
320,45,7,323.63,46.23285714285714,1.1428571428571428,3,2024-03-07 10:00:00,299,0
321,5,7,489.62,69.94571428571429,1.4285714285714286,3,2024-02-27 15:00:00,308,0
322,30,5,323.54,64.708,2.0,2,2024-03-06 10:00:00,300,0
323,55,9,955.58,106.17555555555556,1.3333333333333333,3,2024-01-06 15:00:00,360,1
324,18,8,521.74,65.2175,1.75,3,2024-01-18 18:00:00,348,0
325,30,7,151.68,21.66857142857143,1.0,3,2024-01-07 23:00:00,359,0
326,64,4,419.07,104.7675,1.25,2,2024-03-18 02:00:00,288,0
327,30,8,420.68,52.585,1.0,3,2024-02-13 01:00:00,322,0
328,109,5,280.41,56.08200000000001,1.0,2,2024-03-29 23:00:00,277,0
329,51,7,511.64,73.09142857142857,1.5714285714285714,2,2024-01-24 01:00:00,342,0
330,24,14,944.57,67.46928571428572,1.3571428571428572,3,2024-04-12 17:00:00,263,1
331,96,10,478.6,47.86,1.1,3,2024-01-05 19:00:00,361,0
332,21,5,324.87,64.974,1.4,3,2024-02-19 09:00:00,316,0
333,22,11,755.06,68.64181818181818,1.2727272727272727,3,2024-05-27 04:00:00,218,1
334,57,12,929.48,77.45666666666666,1.3333333333333333,3,2024-01-02 22:00:00,364,1
335,78,4,128.82,32.205,1.0,2,2024-01-14 13:00:00,352,0
336,74,11,420.21,38.200909090909086,1.1818181818181819,3,2024-01-19 01:00:00,347,0
337,6,10,1280.28,128.028,1.7,3,2024-03-13 07:00:00,293,1
338,156,8,565.65,70.70625,1.125,3,2024-02-23 01:00:00,312,0
339,31,12,578.64,48.22,1.3333333333333333,3,2024-04-28 01:00:00,247,1
340,51,8,383.71,47.96375,1.125,2,2024-04-17 03:00:00,258,0
341,68,9,655.65,72.85,1.3333333333333333,3,2024-02-26 10:00:00,309,0
342,8,11,991.99,90.1809090909091,1.4545454545454546,3,2024-01-19 19:00:00,347,1
343,9,11,554.52,50.41090909090909,1.4545454545454546,3,2024-01-04 04:00:00,362,1
344,25,6,556.8199999999999,92.80333333333333,1.8333333333333333,3,2024-04-03 03:00:00,272,0
345,74,9,472.88,52.54222222222222,1.2222222222222223,3,2024-01-11 15:00:00,355,0
346,18,6,263.89,43.98166666666666,1.3333333333333333,3,2024-04-06 23:00:00,269,0
347,17,5,271.19,54.238,1.2,3,2024-02-11 12:00:00,324,0
348,44,6,356.71,59.45166666666666,1.1666666666666667,2,2024-02-07 11:00:00,328,0
349,12,9,630.94,70.10444444444445,1.1111111111111112,3,2024-01-04 08:00:00,362,1
350,50,13,827.5,63.65384615384615,1.3846153846153846,3,2024-01-09 04:00:00,357,1
351,16,6,271.91,45.318333333333335,1.5,3,2024-06-10 02:00:00,204,0
352,34,7,247.70999999999998,35.387142857142855,1.0,2,2024-01-08 09:00:00,358,0
353,63,9,941.14,104.57111111111111,1.4444444444444444,3,2024-02-20 23:00:00,315,0
354,121,3,56.33,18.776666666666667,1.0,2,2024-04-17 09:00:00,258,0
355,10,5,269.93,53.986000000000004,1.0,3,2024-02-20 07:00:00,315,0
356,56,6,578.95,96.49166666666667,1.1666666666666667,3,2024-03-01 21:00:00,305,0
357,21,15,929.12,61.94133333333333,1.6,3,2024-02-05 11:00:00,330,1
358,114,7,555.72,79.38857142857144,1.1428571428571428,3,2024-01-13 20:00:00,353,0
359,5,8,412.35,51.54375,1.0,3,2024-04-06 15:00:00,269,0
360,59,6,346.87,57.81166666666667,2.3333333333333335,3,2024-01-30 18:00:00,336,0
361,24,7,681.7,97.38571428571429,1.4285714285714286,3,2024-01-04 02:00:00,362,0
362,20,7,577.66,82.52285714285713,1.2857142857142858,3,2024-02-05 03:00:00,330,0
363,5,7,480.98,68.71142857142857,1.5714285714285714,3,2024-01-22 04:00:00,344,0
364,2,12,867.62,72.30166666666666,1.5,3,2024-03-12 10:00:00,294,1
365,48,6,727.72,121.28666666666668,1.6666666666666667,3,2024-03-28 05:00:00,278,0
366,53,5,247.62,49.524,1.4,2,2024-01-04 22:00:00,362,0
367,2,10,620.23,62.023,1.4,3,2024-01-18 23:00:00,348,1
368,50,10,775.03,77.503,1.3,3,2024-03-12 20:00:00,294,1
369,19,7,308.66,44.09428571428572,1.4285714285714286,2,2024-01-29 16:00:00,337,0
370,69,9,307.25,34.138888888888886,1.0,3,2024-01-21 20:00:00,345,0
371,46,8,311.11,38.88875,1.25,3,2024-02-02 12:00:00,333,0
372,58,1,125.17,125.17,1.0,1,2024-11-03 02:00:00,58,0
373,7,12,799.45,66.62083333333334,1.4166666666666667,3,2024-01-06 02:00:00,360,1
374,3,8,484.0,60.5,1.5,3,2024-01-06 03:00:00,360,0
375,2,10,1076.67,107.667,1.4,3,2024-01-19 11:00:00,347,1
376,74,9,377.28999999999996,41.92111111111111,1.2222222222222223,3,2024-03-14 18:00:00,292,0
377,31,12,724.95,60.4125,1.3333333333333333,3,2024-01-20 10:00:00,346,1
378,89,9,439.81,48.867777777777775,1.3333333333333333,3,2024-02-08 01:00:00,327,0
379,67,8,602.93,75.36625,1.25,3,2024-04-05 05:00:00,270,0
380,82,8,728.9899999999999,91.12374999999999,1.375,3,2024-04-23 19:00:00,252,0
381,182,4,260.29999999999995,65.07499999999999,2.0,1,2024-02-13 08:00:00,322,0
382,13,7,427.10999999999996,61.01571428571428,1.1428571428571428,3,2024-02-01 21:00:00,334,0
383,25,5,314.34000000000003,62.86800000000001,1.0,2,2024-05-03 03:00:00,242,0
384,21,7,292.22,41.74571428571429,1.0,2,2024-01-01 01:00:00,365,0
385,55,9,844.83,93.87,1.5555555555555556,3,2024-01-11 00:00:00,355,1
386,28,6,250.34,41.723333333333336,1.0,3,2024-01-18 06:00:00,348,0
387,1,14,686.33,49.02357142857143,1.0714285714285714,3,2024-02-09 15:00:00,326,1
388,8,15,791.05,52.736666666666665,1.3333333333333333,3,2024-03-04 15:00:00,302,1
389,128,6,708.1700000000001,118.02833333333335,1.5,3,2024-03-21 17:00:00,285,0
390,23,8,396.71999999999997,49.589999999999996,1.0,3,2024-03-04 08:00:00,302,0
391,32,7,382.44,54.63428571428572,1.4285714285714286,2,2024-04-11 11:00:00,264,0
392,38,10,429.61,42.961,1.5,3,2024-01-02 23:00:00,364,1
393,165,6,159.6,26.599999999999998,1.0,3,2024-02-11 14:00:00,324,0
394,18,6,308.09,51.34833333333333,1.5,2,2024-01-28 13:00:00,338,0
395,9,11,366.39,33.308181818181815,1.0909090909090908,3,2024-01-27 12:00:00,339,1
396,8,11,507.02,46.092727272727274,1.1818181818181819,3,2024-01-15 10:00:00,351,1
397,11,7,387.75,55.392857142857146,1.1428571428571428,3,2024-02-05 14:00:00,330,0
398,24,5,222.37,44.474000000000004,1.6,3,2024-05-17 02:00:00,228,0
399,11,5,258.25,51.65,1.0,3,2024-05-10 22:00:00,235,0
400,11,6,300.2,50.03333333333333,1.3333333333333333,3,2024-01-16 17:00:00,350,0
401,46,13,866.97,66.69,1.0,3,2024-01-17 20:00:00,349,1
402,70,6,186.87,31.145,1.5,3,2024-06-14 03:00:00,200,0
403,56,6,478.90000000000003,79.81666666666668,1.5,3,2024-04-15 12:00:00,260,0
404,65,5,334.44,66.888,1.6,3,2024-06-14 22:00:00,200,0
405,108,5,229.13,45.826,1.2,2,2024-01-01 07:00:00,365,0
406,42,13,713.94,54.91846153846154,1.1538461538461537,3,2024-01-27 23:00:00,339,1
407,36,6,554.72,92.45333333333333,1.5,3,2024-02-17 22:00:00,318,0
408,39,9,483.71,53.745555555555555,1.0,3,2024-01-06 22:00:00,360,1
409,81,6,488.90999999999997,81.485,1.1666666666666667,3,2024-01-09 10:00:00,357,0
410,10,9,485.98,53.99777777777778,1.2222222222222223,3,2024-01-26 16:00:00,340,1
411,40,8,508.36,63.545,1.25,3,2024-01-08 00:00:00,358,0
412,12,8,335.83,41.97875,1.125,3,2024-02-04 17:00:00,331,0
413,67,7,659.24,94.17714285714285,1.5714285714285714,3,2024-01-02 08:00:00,364,0
414,112,8,367.64,45.955,1.625,3,2024-02-13 08:00:00,322,0
415,75,4,319.08000000000004,79.77000000000001,1.0,2,2024-04-02 17:00:00,273,0
416,20,12,442.78,36.89833333333333,1.0833333333333333,3,2024-01-03 21:00:00,363,1
417,30,10,496.59000000000003,49.659000000000006,1.0,3,2024-01-18 05:00:00,348,1
418,34,2,241.18,120.59,1.5,2,2024-04-18 15:00:00,257,0
419,8,5,486.12,97.224,1.4,3,2024-02-20 04:00:00,315,0
420,51,12,781.44,65.12,1.0,2,2024-01-27 07:00:00,339,1
421,147,5,451.76,90.352,1.4,2,2024-02-24 16:00:00,311,0
422,16,11,510.0,46.36363636363637,1.0909090909090908,3,2024-01-05 13:00:00,361,1
423,34,10,546.4499999999999,54.644999999999996,1.2,3,2024-03-07 18:00:00,299,1
424,3,7,700.15,100.02142857142857,1.1428571428571428,3,2024-01-13 18:00:00,353,0
425,38,8,588.94,73.6175,1.5,2,2024-01-19 05:00:00,347,0
426,137,3,167.89,55.96333333333333,1.0,3,2024-03-26 04:00:00,280,0
427,5,11,1094.27,99.47909090909091,1.5454545454545454,3,2024-02-10 09:00:00,325,1
428,73,8,408.9,51.1125,1.75,3,2024-01-08 01:00:00,358,0
429,4,9,733.49,81.49888888888889,1.7777777777777777,3,2024-03-13 20:00:00,293,1
430,147,9,351.47,39.05222222222223,1.3333333333333333,3,2024-01-04 12:00:00,362,0
431,10,6,128.18,21.363333333333333,1.0,2,2024-03-24 16:00:00,282,0
432,62,10,679.12,67.912,1.3,3,2024-01-08 21:00:00,358,0
433,16,6,436.62,72.77,1.3333333333333333,3,2024-02-13 15:00:00,322,0
434,25,6,311.75,51.958333333333336,1.1666666666666667,3,2024-01-22 08:00:00,344,0
435,140,4,331.9,82.975,1.5,2,2024-01-01 13:00:00,365,0
436,50,9,679.65,75.51666666666667,1.4444444444444444,2,2024-01-18 20:00:00,348,1
437,65,4,118.84,29.71,1.0,3,2024-03-20 17:00:00,286,0
438,10,10,702.56,70.256,1.3,3,2024-03-01 11:00:00,305,1
439,12,7,483.45000000000005,69.06428571428572,1.1428571428571428,3,2024-01-20 18:00:00,346,0
440,39,7,446.67,63.81,1.4285714285714286,3,2024-04-07 09:00:00,268,0
441,73,5,188.9,37.78,1.0,3,2024-02-14 19:00:00,321,0
442,105,6,432.57,72.095,1.5,2,2024-03-22 15:00:00,284,0
443,40,10,536.42,53.641999999999996,1.1,3,2024-04-07 13:00:00,268,1
444,38,9,259.89,28.876666666666665,1.2222222222222223,3,2024-02-02 03:00:00,333,1
445,7,14,874.77,62.48357142857143,1.7857142857142858,3,2024-03-21 20:00:00,285,1
446,17,15,791.08,52.73866666666667,1.4,3,2024-01-06 03:00:00,360,1
447,4,12,684.51,57.0425,1.25,3,2024-02-07 19:00:00,328,1
448,9,7,203.85,29.12142857142857,1.0,3,2024-03-19 20:00:00,287,0
449,9,9,519.68,57.74222222222222,1.1111111111111112,3,2024-01-21 06:00:00,345,1
450,11,15,948.03,63.202,1.2666666666666666,3,2024-01-11 17:00:00,355,1
451,49,8,302.25,37.78125,1.25,3,2024-01-10 01:00:00,356,0
452,92,7,388.89,55.55571428571428,1.0,3,2024-01-03 08:00:00,363,0
453,122,5,291.0,58.2,1.6,2,2024-04-13 20:00:00,262,0
454,28,7,418.55,59.792857142857144,1.4285714285714286,2,2024-01-26 09:00:00,340,0
455,4,12,615.2,51.26666666666667,1.3333333333333333,3,2024-01-30 04:00:00,336,1
456,30,20,994.63,49.7315,1.3,3,2024-02-11 13:00:00,324,1
457,19,8,526.08,65.76,1.625,3,2024-01-02 18:00:00,364,0
458,13,6,603.0600000000001,100.51,1.5,2,2024-01-11 22:00:00,355,0
459,11,9,1011.72,112.41333333333334,1.2222222222222223,3,2024-01-11 20:00:00,355,1
460,126,3,263.35,87.78333333333335,1.3333333333333333,1,2024-01-09 14:00:00,357,0
461,29,6,376.1,62.68333333333334,1.3333333333333333,2,2024-02-22 12:00:00,313,0
462,100,7,708.03,101.14714285714285,1.7142857142857142,3,2024-02-13 14:00:00,322,0
463,16,13,734.0,56.46153846153846,1.3076923076923077,3,2024-01-24 15:00:00,342,1
464,38,12,845.19,70.4325,1.25,3,2024-04-15 12:00:00,260,1
465,100,3,158.67,52.88999999999999,1.6666666666666667,3,2024-01-21 15:00:00,345,0
466,33,5,226.14000000000001,45.228,1.4,3,2024-03-20 19:00:00,286,0
467,50,7,327.23,46.74714285714286,1.0,3,2024-02-26 01:00:00,309,0
468,20,9,355.37,39.48555555555556,1.4444444444444444,3,2024-01-25 11:00:00,341,1
469,16,7,464.24,66.32000000000001,1.7142857142857142,3,2024-04-29 02:00:00,246,0
470,39,9,822.13,91.34777777777778,1.3333333333333333,3,2024-01-21 03:00:00,345,1
471,1,9,624.9599999999999,69.44,1.2222222222222223,3,2024-01-19 09:00:00,347,1
472,49,12,853.09,71.09083333333334,1.3333333333333333,3,2024-01-16 11:00:00,350,1
473,48,7,566.37,80.91,1.2857142857142858,3,2024-01-09 19:00:00,357,0
474,3,9,832.77,92.53,1.1111111111111112,3,2024-01-17 23:00:00,349,1
475,36,8,531.94,66.4925,1.25,3,2024-01-23 05:00:00,343,0
476,85,12,1038.7,86.55833333333334,1.3333333333333333,3,2024-02-17 02:00:00,318,0
477,72,6,471.57000000000005,78.59500000000001,2.1666666666666665,3,2024-05-01 12:00:00,244,0
478,78,12,492.49,41.04083333333333,1.0,3,2024-02-27 22:00:00,308,0
479,34,10,877.4100000000001,87.74100000000001,1.0,2,2024-02-03 18:00:00,332,1
480,59,11,716.4300000000001,65.13000000000001,1.5454545454545454,2,2024-01-04 00:00:00,362,1
481,33,8,450.33,56.29125,1.375,2,2024-03-16 22:00:00,290,0
482,28,7,531.59,75.94142857142857,1.4285714285714286,2,2024-03-18 03:00:00,288,0
483,51,6,513.76,85.62666666666667,1.6666666666666667,3,2024-04-28 08:00:00,247,0
484,29,7,477.46999999999997,68.21,1.1428571428571428,3,2024-01-27 01:00:00,339,0
485,31,9,809.89,89.98777777777778,1.8888888888888888,3,2024-03-17 02:00:00,289,1
486,62,14,733.24,52.37428571428571,1.5714285714285714,3,2024-02-09 21:00:00,326,0
487,18,7,380.75,54.392857142857146,1.2857142857142858,3,2024-02-15 17:00:00,320,0
488,47,8,859.51,107.43875,1.75,3,2024-04-03 09:00:00,272,0
489,1,5,297.87,59.574,1.8,2,2024-05-10 09:00:00,235,0
490,84,6,485.22,80.87,1.5,2,2024-03-08 09:00:00,298,0
491,46,5,458.55,91.71000000000001,1.4,3,2024-03-25 00:00:00,281,0
492,19,14,912.67,65.19071428571428,1.2142857142857142,3,2024-01-23 07:00:00,343,1
493,88,6,369.56,61.593333333333334,1.6666666666666667,2,2024-04-03 09:00:00,272,0
494,15,7,329.15999999999997,47.02285714285714,1.0,3,2024-01-15 12:00:00,351,0
495,93,4,142.72,35.68,1.75,3,2024-02-04 01:00:00,331,0
496,3,10,406.86,40.686,1.0,3,2024-01-27 14:00:00,339,1
497,4,7,632.35,90.33571428571429,2.0,2,2024-02-07 06:00:00,328,0
498,34,12,1147.77,95.6475,1.5,3,2024-01-29 02:00:00,337,1
499,46,11,861.52,78.32,1.8181818181818181,3,2024-01-06 02:00:00,360,1
500,26,8,591.58,73.9475,1.375,3,2024-01-16 20:00:00,350,0
501,13,7,452.51,64.64428571428572,1.7142857142857142,3,2024-05-21 11:00:00,224,0
502,57,10,436.84000000000003,43.684000000000005,1.2,3,2024-02-26 04:00:00,309,1
503,43,8,698.7,87.3375,1.75,2,2024-01-02 03:00:00,364,0
504,2,13,887.95,68.30384615384615,1.5384615384615385,3,2024-01-06 07:00:00,360,1
505,7,12,770.12,64.17666666666666,1.5,3,2024-01-04 23:00:00,362,1
506,32,11,682.28,62.025454545454544,1.0,3,2024-01-14 17:00:00,352,1
507,114,5,392.02,78.404,1.0,3,2024-01-15 03:00:00,351,0
508,21,6,159.25,26.541666666666668,1.0,2,2024-01-27 12:00:00,339,0
509,40,9,803.69,89.2988888888889,1.3333333333333333,3,2024-02-04 10:00:00,331,1
510,64,7,399.83,57.11857142857143,1.2857142857142858,3,2024-01-05 03:00:00,361,0
511,33,6,308.92,51.48666666666667,1.0,2,2024-01-23 09:00:00,343,0
512,63,8,415.49,51.93625,1.125,3,2024-01-09 00:00:00,357,0
513,31,12,809.8100000000001,67.48416666666667,1.25,3,2024-01-09 10:00:00,357,1
514,16,2,61.82000000000001,30.910000000000004,1.0,2,2024-05-03 23:00:00,242,0
515,2,10,385.64,38.564,1.6,3,2024-01-11 04:00:00,355,1
516,18,13,794.48,61.113846153846154,1.0769230769230769,3,2024-01-02 04:00:00,364,1
517,49,8,629.15,78.64375,1.625,3,2024-04-02 00:00:00,273,0
518,35,6,363.65999999999997,60.60999999999999,1.0,3,2024-01-31 04:00:00,335,0
519,61,11,515.71,46.88272727272727,1.8181818181818181,3,2024-01-05 20:00:00,361,0
520,82,11,945.39,85.94454545454545,1.2727272727272727,3,2024-01-09 23:00:00,357,0
521,27,9,485.16,53.906666666666666,1.4444444444444444,3,2024-01-13 22:00:00,353,1
522,3,8,497.59000000000003,62.198750000000004,1.0,3,2024-01-08 20:00:00,358,0
523,19,10,579.76,57.976,1.8,3,2024-02-25 07:00:00,310,1
524,7,11,591.6899999999999,53.78999999999999,1.0909090909090908,3,2024-01-28 18:00:00,338,1
525,119,9,669.56,74.39555555555555,1.5555555555555556,3,2024-02-08 19:00:00,327,0
526,127,5,558.34,111.668,2.0,3,2024-01-23 01:00:00,343,0
527,26,10,654.36,65.436,1.0,3,2024-01-16 21:00:00,350,1
528,5,11,684.48,62.22545454545455,1.3636363636363635,3,2024-01-04 10:00:00,362,1
529,62,10,637.6800000000001,63.76800000000001,1.5,3,2024-01-25 08:00:00,341,0
530,39,6,240.87,40.145,1.3333333333333333,3,2024-03-03 13:00:00,303,0
531,34,6,194.89,32.48166666666666,1.0,3,2024-03-22 00:00:00,284,0
532,10,11,765.98,69.63454545454546,1.1818181818181819,3,2024-04-09 01:00:00,266,1
533,52,8,307.94,38.4925,1.0,3,2024-01-31 22:00:00,335,0
534,18,6,406.11,67.685,1.0,3,2024-01-06 11:00:00,360,0
535,33,6,236.2,39.36666666666667,1.3333333333333333,2,2024-02-08 10:00:00,327,0
536,54,7,536.52,76.64571428571428,1.2857142857142858,3,2024-03-31 02:00:00,275,0
537,24,5,258.91,51.782000000000004,1.0,3,2024-01-20 06:00:00,346,0
538,11,11,1189.3600000000001,108.12363636363638,1.8181818181818181,3,2024-01-04 04:00:00,362,1
539,5,10,654.88,65.488,1.5,3,2024-03-22 05:00:00,284,1
540,12,8,531.79,66.47375,1.5,3,2024-01-16 12:00:00,350,0
541,1,8,643.01,80.37625,1.375,2,2024-05-23 11:00:00,222,0
542,2,9,876.56,97.39555555555555,1.6666666666666667,3,2024-03-22 13:00:00,284,1
543,77,3,140.42000000000002,46.80666666666667,2.3333333333333335,2,2024-04-10 06:00:00,265,0
544,13,7,375.43,53.63285714285714,1.1428571428571428,3,2024-02-14 08:00:00,321,0
545,5,6,382.47,63.745000000000005,1.5,2,2024-05-26 09:00:00,219,0
546,16,6,219.07,36.51166666666666,1.0,2,2024-02-25 18:00:00,310,0
547,53,9,573.6800000000001,63.74222222222223,1.2222222222222223,3,2024-01-30 20:00:00,336,1
548,8,13,800.67,61.589999999999996,1.2307692307692308,3,2024-01-13 20:00:00,353,1
549,31,6,530.65,88.44166666666666,1.3333333333333333,1,2024-01-09 22:00:00,357,0
550,31,8,431.84,53.98,1.125,3,2024-03-15 13:00:00,291,0
551,44,6,444.42,74.07000000000001,1.1666666666666667,2,2024-04-13 18:00:00,262,0
552,6,10,742.3399999999999,74.234,1.2,3,2024-01-04 10:00:00,362,1
553,28,5,307.67999999999995,61.53599999999999,1.2,3,2024-01-11 00:00:00,355,0
554,69,9,419.43,46.60333333333333,1.1111111111111112,3,2024-02-18 13:00:00,317,0
555,13,10,667.27,66.727,1.5,3,2024-01-04 04:00:00,362,1
556,26,9,483.13,53.68111111111111,1.2222222222222223,3,2024-03-08 15:00:00,298,1
557,29,9,463.88,51.54222222222222,1.1111111111111112,3,2024-01-01 07:00:00,365,1
558,20,16,1196.25,74.765625,1.3125,3,2024-01-05 23:00:00,361,1
559,17,8,685.8,85.725,1.625,3,2024-03-24 02:00:00,282,0
560,18,6,390.26,65.04333333333334,1.3333333333333333,3,2024-01-29 00:00:00,337,0
561,2,10,508.81,50.881,1.1,3,2024-04-11 19:00:00,264,1
562,167,2,162.75,81.375,1.5,1,2024-03-11 14:00:00,295,0
563,60,7,443.12,63.30285714285714,1.2857142857142858,3,2024-01-27 08:00:00,339,0
564,27,8,446.99,55.87375,1.0,3,2024-01-19 04:00:00,347,0
565,62,9,413.59000000000003,45.95444444444445,1.2222222222222223,3,2024-01-06 23:00:00,360,0
566,40,6,796.45,132.74166666666667,1.5,3,2024-06-08 00:00:00,206,0
567,10,11,570.0,51.81818181818182,1.3636363636363635,3,2024-02-16 14:00:00,319,1
568,11,12,418.65999999999997,34.88833333333333,1.3333333333333333,3,2024-01-31 04:00:00,335,1
569,56,7,731.23,104.46142857142857,1.4285714285714286,3,2024-01-31 06:00:00,335,0
570,76,10,615.49,61.549,1.1,3,2024-02-03 06:00:00,332,0
571,75,8,1038.1,129.7625,1.375,3,2024-02-13 15:00:00,322,0
572,14,4,170.5,42.625,1.25,2,2024-01-02 00:00:00,364,0
573,3,9,439.59000000000003,48.843333333333334,1.2222222222222223,2,2024-03-01 22:00:00,305,1
574,27,9,887.97,98.66333333333334,1.5555555555555556,3,2024-01-31 01:00:00,335,1
575,64,6,268.15999999999997,44.69333333333333,1.1666666666666667,2,2024-01-28 17:00:00,338,0
576,123,9,555.13,61.68111111111111,1.5555555555555556,3,2024-02-11 10:00:00,324,0
577,9,6,378.05,63.00833333333333,1.5,3,2024-01-09 12:00:00,357,0
578,6,11,1117.6299999999999,101.60272727272726,1.6363636363636365,3,2024-01-31 03:00:00,335,1
579,7,9,374.11,41.56777777777778,1.7777777777777777,2,2024-01-07 08:00:00,359,1
580,61,5,212.09,42.418,1.0,3,2024-02-06 23:00:00,329,0
581,174,6,473.74,78.95666666666666,1.6666666666666667,3,2024-02-27 14:00:00,308,0
582,84,8,497.37,62.17125,1.25,3,2024-03-18 14:00:00,288,0
583,38,9,491.47,54.607777777777784,1.1111111111111112,3,2024-02-19 06:00:00,316,1
584,54,8,584.02,73.0025,1.25,3,2024-03-31 13:00:00,275,0
585,80,7,397.14,56.73428571428571,1.1428571428571428,3,2024-02-20 18:00:00,315,0
586,108,7,155.13,22.16142857142857,1.0,3,2024-02-24 18:00:00,311,0
587,37,8,459.83,57.47875,1.25,3,2024-02-16 23:00:00,319,0
588,35,5,290.15,58.029999999999994,1.0,3,2024-02-21 01:00:00,314,0
589,143,3,68.7,22.900000000000002,1.3333333333333333,2,2024-06-23 16:00:00,191,0
590,42,6,247.77,41.295,1.0,3,2024-02-20 03:00:00,315,0
591,93,8,433.93,54.24125,1.0,3,2024-01-23 09:00:00,343,0
592,11,9,540.3199999999999,60.03555555555555,1.0,3,2024-02-04 14:00:00,331,1
593,41,8,266.72,33.34,1.25,2,2024-01-12 15:00:00,354,0
594,170,6,215.57999999999998,35.93,1.3333333333333333,3,2024-01-09 16:00:00,357,0
595,31,6,259.31,43.218333333333334,1.1666666666666667,3,2024-02-19 05:00:00,316,0
596,7,8,585.64,73.205,1.25,2,2024-01-16 13:00:00,350,0
597,14,6,367.28999999999996,61.214999999999996,1.0,3,2024-02-04 20:00:00,331,0
598,12,10,569.9,56.989999999999995,1.3,2,2024-01-26 08:00:00,340,1
599,13,5,198.65,39.730000000000004,1.0,3,2024-01-18 10:00:00,348,0
600,30,9,431.66,47.96222222222222,1.5555555555555556,3,2024-01-04 16:00:00,362,1
601,118,8,395.90999999999997,49.488749999999996,1.5,3,2024-01-20 05:00:00,346,0
602,7,5,200.71,40.142,1.0,3,2024-01-07 06:00:00,359,0
603,40,4,241.45000000000002,60.362500000000004,1.25,1,2024-03-12 12:00:00,294,0
604,29,11,471.31,42.846363636363634,1.3636363636363635,3,2024-01-28 08:00:00,338,1
605,73,3,81.32,27.106666666666666,1.3333333333333333,2,2024-05-12 10:00:00,233,0
606,113,5,222.5,44.5,1.4,2,2024-03-11 10:00:00,295,0
607,3,11,1051.73,95.61181818181818,1.8181818181818181,3,2024-01-31 20:00:00,335,1
608,17,10,578.96,57.896,1.1,3,2024-01-01 11:00:00,365,1
609,109,6,222.19,37.031666666666666,1.3333333333333333,2,2024-02-18 17:00:00,317,0
610,6,9,782.45,86.9388888888889,1.2222222222222223,2,2024-01-25 04:00:00,341,1
611,37,8,887.0,110.875,1.625,3,2024-01-24 12:00:00,342,0
612,28,12,594.76,49.56333333333333,1.25,3,2024-02-29 06:00:00,306,1
613,14,11,670.48,60.95272727272727,1.0909090909090908,3,2024-02-01 20:00:00,334,1
614,31,5,251.68,50.336,1.2,3,2024-03-07 00:00:00,299,0
615,66,8,495.34,61.9175,1.0,3,2024-01-07 03:00:00,359,0
616,75,8,340.83,42.60375,1.0,3,2024-01-01 22:00:00,365,0
617,13,12,655.29,54.607499999999995,1.25,3,2024-01-08 02:00:00,358,1
618,66,11,880.71,80.06454545454545,1.5454545454545454,3,2024-02-16 20:00:00,319,0
619,41,4,172.34,43.085,1.0,2,2024-05-10 22:00:00,235,0
620,15,6,770.3100000000001,128.38500000000002,1.5,3,2024-01-05 06:00:00,361,0
621,44,9,568.04,63.11555555555555,1.2222222222222223,3,2024-04-02 23:00:00,273,1
622,80,3,65.3,21.766666666666666,1.0,2,2024-03-06 12:00:00,300,0
623,31,15,918.9,61.26,1.1333333333333333,3,2024-01-06 11:00:00,360,1
624,38,3,249.67000000000002,83.22333333333334,1.3333333333333333,1,2024-07-24 02:00:00,160,0
625,6,8,561.25,70.15625,1.375,3,2024-04-06 18:00:00,269,0
626,5,9,444.06,49.34,1.1111111111111112,3,2024-01-15 16:00:00,351,1
627,15,5,243.94,48.788,1.0,2,2024-02-08 09:00:00,327,0
628,49,8,618.08,77.26,1.25,3,2024-03-24 15:00:00,282,0
629,8,8,387.02,48.3775,1.0,3,2024-01-04 13:00:00,362,0
630,5,7,215.76,30.822857142857142,1.2857142857142858,3,2024-01-30 14:00:00,336,0
631,84,6,486.51,81.085,1.5,3,2024-04-07 15:00:00,268,0
632,26,6,408.14,68.02333333333333,1.1666666666666667,3,2024-02-06 18:00:00,329,0
633,16,12,472.28000000000003,39.35666666666667,1.3333333333333333,3,2024-01-03 12:00:00,363,1
634,119,4,306.34,76.585,1.75,2,2024-02-18 20:00:00,317,0
635,13,6,499.55999999999995,83.25999999999999,1.5,2,2024-02-05 13:00:00,330,0
636,62,8,323.18,40.3975,1.5,2,2024-01-09 07:00:00,357,0
637,4,8,337.77,42.22125,1.25,3,2024-01-27 08:00:00,339,0
638,66,5,217.9,43.58,1.0,2,2024-03-14 18:00:00,292,0
639,2,6,169.22,28.203333333333333,1.1666666666666667,3,2024-02-19 05:00:00,316,0
640,137,4,160.17,40.0425,1.0,2,2024-02-02 15:00:00,333,0
641,83,11,603.68,54.879999999999995,1.2727272727272727,2,2024-01-14 02:00:00,352,0
642,17,8,275.08,34.385,1.0,3,2024-02-27 17:00:00,308,0
643,37,9,305.82,33.98,1.2222222222222223,3,2024-01-09 10:00:00,357,1
644,20,7,635.64,90.80571428571429,1.7142857142857142,3,2024-01-19 18:00:00,347,0
645,30,7,372.5,53.214285714285715,1.0,3,2024-02-08 15:00:00,327,0
646,27,10,1005.5699999999999,100.55699999999999,1.7,3,2024-01-16 21:00:00,350,1
647,80,6,640.01,106.66833333333334,2.0,3,2024-01-18 08:00:00,348,0
648,4,10,467.28,46.727999999999994,1.0,3,2024-05-19 10:00:00,226,1
649,24,10,558.4,55.839999999999996,1.5,3,2024-01-12 10:00:00,354,1
650,65,11,631.4,57.4,1.0909090909090908,3,2024-01-06 19:00:00,360,0
651,60,7,419.38,59.91142857142857,1.8571428571428572,3,2024-03-01 05:00:00,305,0
652,33,6,425.65999999999997,70.94333333333333,1.0,2,2024-01-13 19:00:00,353,0
653,98,3,130.32,43.44,1.0,3,2024-02-06 13:00:00,329,0
654,31,5,256.73,51.346000000000004,1.0,3,2024-04-21 00:00:00,254,0
655,40,11,733.15,66.64999999999999,1.0,3,2024-03-16 05:00:00,290,1
656,18,15,806.1700000000001,53.744666666666674,1.3333333333333333,3,2024-01-05 12:00:00,361,1
657,30,9,518.05,57.5611111111111,1.6666666666666667,3,2024-01-19 17:00:00,347,1
658,23,12,769.83,64.1525,1.1666666666666667,3,2024-02-27 01:00:00,308,1
659,7,3,65.85,21.95,1.0,2,2024-09-27 02:00:00,95,0
660,44,8,416.87,52.10875,1.125,3,2024-06-21 16:00:00,193,0
661,16,10,351.41,35.141000000000005,1.1,3,2024-03-21 22:00:00,285,1
662,46,7,478.14,68.30571428571429,1.1428571428571428,3,2024-01-28 12:00:00,338,0
663,7,14,1230.29,87.87785714285714,1.7142857142857142,3,2024-01-25 00:00:00,341,1
664,54,14,808.17,57.72642857142857,1.0714285714285714,3,2024-03-01 01:00:00,305,1
665,57,5,238.51,47.702,1.4,2,2024-02-07 04:00:00,328,0
666,11,8,670.7,83.8375,1.5,3,2024-01-29 12:00:00,337,0
667,79,7,264.0,37.714285714285715,1.0,2,2024-01-27 12:00:00,339,0
668,51,6,671.9000000000001,111.98333333333335,1.6666666666666667,3,2024-01-08 09:00:00,358,0
669,3,9,384.43,42.714444444444446,1.0,3,2024-02-10 10:00:00,325,1
670,62,8,295.79,36.97375,1.25,3,2024-01-04 10:00:00,362,0
671,94,5,270.05,54.010000000000005,1.0,3,2024-02-26 13:00:00,309,0
672,100,9,829.51,92.16777777777777,1.4444444444444444,3,2024-03-04 18:00:00,302,0
673,41,10,657.02,65.702,1.3,3,2024-01-05 04:00:00,361,1
674,27,9,690.1800000000001,76.68666666666667,1.3333333333333333,3,2024-01-19 05:00:00,347,1
675,116,5,413.03000000000003,82.60600000000001,1.8,3,2024-04-07 08:00:00,268,0
676,13,14,768.66,54.90428571428571,1.1428571428571428,3,2024-01-05 01:00:00,361,1
677,19,6,411.79,68.63166666666667,1.1666666666666667,3,2024-01-10 02:00:00,356,0
678,59,4,183.07,45.7675,1.0,3,2024-06-12 01:00:00,202,0
679,72,8,320.09,40.01125,1.0,3,2024-01-18 14:00:00,348,0
680,55,9,364.35,40.483333333333334,1.2222222222222223,3,2024-02-15 03:00:00,320,1
681,1,9,485.36,53.92888888888889,1.2222222222222223,3,2024-02-29 16:00:00,306,1
682,23,9,496.37,55.15222222222222,1.5555555555555556,3,2024-03-22 12:00:00,284,1
683,106,8,419.67999999999995,52.459999999999994,1.125,3,2024-02-28 00:00:00,307,0
684,10,5,222.61,44.522000000000006,1.0,2,2024-03-02 14:00:00,304,0
685,81,12,588.75,49.0625,1.0,3,2024-02-09 06:00:00,326,0
686,40,5,357.0,71.4,1.2,3,2024-02-27 06:00:00,308,0
687,76,6,219.64,36.60666666666666,1.0,3,2024-02-25 16:00:00,310,0
688,12,8,605.69,75.71125,1.25,3,2024-01-26 02:00:00,340,0
689,18,7,348.71,49.815714285714286,1.2857142857142858,3,2024-01-03 12:00:00,363,0
690,23,11,972.28,88.38909090909091,1.5454545454545454,3,2024-01-18 12:00:00,348,1
691,142,5,300.48,60.096000000000004,1.0,2,2024-01-29 18:00:00,337,0
692,49,10,694.26,69.426,1.4,3,2024-05-24 04:00:00,221,1
693,4,6,393.94,65.65666666666667,1.1666666666666667,3,2024-05-04 06:00:00,241,0
694,19,9,537.92,59.76888888888888,1.1111111111111112,3,2024-02-08 06:00:00,327,1
695,15,3,258.96000000000004,86.32000000000001,1.3333333333333333,2,2024-01-27 11:00:00,339,0
696,9,5,562.11,112.422,1.4,3,2024-01-23 11:00:00,343,0
697,24,5,179.75,35.95,1.0,3,2024-03-23 02:00:00,283,0
698,148,5,365.04,73.00800000000001,1.8,3,2024-02-17 22:00:00,318,0
699,2,7,356.45,50.92142857142857,1.4285714285714286,3,2024-03-26 03:00:00,280,0
700,227,8,503.14,62.8925,1.375,3,2024-03-14 11:00:00,292,0
701,6,8,436.74,54.5925,1.25,3,2024-01-31 18:00:00,335,0
702,62,8,369.88,46.235,1.125,3,2024-03-29 02:00:00,277,0
703,58,11,543.03,49.36636363636364,1.2727272727272727,3,2024-01-01 10:00:00,365,1
704,14,11,813.1800000000001,73.92545454545456,1.4545454545454546,3,2024-01-01 15:00:00,365,1
705,26,6,268.83000000000004,44.80500000000001,1.1666666666666667,3,2024-03-13 14:00:00,293,0
706,19,6,639.93,106.65499999999999,1.3333333333333333,2,2024-06-22 07:00:00,192,0
707,143,8,227.57,28.44625,1.375,3,2024-01-11 17:00:00,355,0
708,21,7,572.18,81.74,1.1428571428571428,2,2024-01-23 08:00:00,343,0
709,71,4,234.85,58.7125,1.25,3,2024-08-01 23:00:00,152,0
710,29,7,295.73,42.24714285714286,1.1428571428571428,3,2024-04-08 05:00:00,267,0
711,10,3,194.23999999999998,64.74666666666666,1.3333333333333333,3,2024-01-31 19:00:00,335,0
712,4,6,283.4,47.23333333333333,1.0,3,2024-01-13 00:00:00,353,0
713,35,12,623.09,51.92416666666667,1.0833333333333333,3,2024-01-21 19:00:00,345,1
714,34,5,677.44,135.488,1.4,3,2024-02-05 16:00:00,330,0
715,61,8,573.3100000000001,71.66375000000001,1.5,3,2024-01-11 02:00:00,355,0
716,57,11,1058.95,96.26818181818182,1.5454545454545454,3,2024-03-10 11:00:00,296,1
717,1,9,517.88,57.54222222222222,1.2222222222222223,3,2024-02-08 00:00:00,327,1
718,52,8,397.39,49.67375,1.25,3,2024-02-03 18:00:00,332,0
719,38,7,276.49,39.49857142857143,1.2857142857142858,3,2024-02-07 04:00:00,328,0
720,91,6,254.46,42.410000000000004,1.0,3,2024-03-25 23:00:00,281,0
721,1,7,246.75,35.25,1.0,3,2024-03-12 20:00:00,294,0
722,68,5,684.75,136.95,1.6,2,2024-01-23 10:00:00,343,0
723,22,10,695.52,69.55199999999999,1.2,3,2024-03-12 09:00:00,294,1
724,1,8,559.14,69.8925,1.5,3,2024-03-12 18:00:00,294,0
725,62,6,485.86,80.97666666666667,1.5,3,2024-02-17 11:00:00,318,0
726,52,7,421.70000000000005,60.24285714285715,1.0,3,2024-03-02 14:00:00,304,0
727,24,9,558.76,62.08444444444444,1.5555555555555556,3,2024-01-09 10:00:00,357,1
728,54,6,214.57,35.76166666666666,1.0,3,2024-01-22 11:00:00,344,0
729,63,11,546.14,49.64909090909091,1.5454545454545454,2,2024-01-29 00:00:00,337,0
730,27,7,509.23,72.74714285714286,1.4285714285714286,3,2024-01-30 12:00:00,336,0
731,14,8,329.27,41.15875,1.0,3,2024-01-28 22:00:00,338,0
732,30,8,296.14,37.0175,1.0,3,2024-04-03 08:00:00,272,0
733,57,8,568.61,71.07625,1.25,3,2024-01-15 02:00:00,351,0
734,202,4,220.89000000000001,55.222500000000004,1.0,2,2024-01-17 19:00:00,349,0
735,21,17,1133.34,66.6670588235294,1.2941176470588236,3,2024-01-20 22:00:00,346,1
736,13,5,444.61,88.922,1.8,3,2024-02-08 23:00:00,327,0
737,20,7,690.0,98.57142857142857,1.2857142857142858,3,2024-01-11 04:00:00,355,0
738,81,9,900.0799999999999,100.00888888888888,1.4444444444444444,3,2024-03-03 19:00:00,303,0
739,15,10,795.7,79.57000000000001,1.5,3,2024-01-26 17:00:00,340,1
740,60,9,408.94,45.437777777777775,1.4444444444444444,2,2024-03-24 05:00:00,282,1
741,152,2,131.91,65.955,2.0,2,2024-01-23 04:00:00,343,0
742,10,10,823.96,82.396,1.8,2,2024-04-08 02:00:00,267,1
743,111,7,345.67,49.38142857142857,1.0,3,2024-01-13 19:00:00,353,0
744,5,13,960.64,73.89538461538461,1.5384615384615385,2,2024-01-19 19:00:00,347,1
745,93,3,187.45,62.48333333333333,1.6666666666666667,2,2024-03-08 22:00:00,298,0
746,107,5,218.05,43.61,1.6,2,2024-01-04 05:00:00,362,0
747,21,9,735.36,81.70666666666666,1.6666666666666667,3,2024-01-14 02:00:00,352,1
748,13,10,1256.3600000000001,125.63600000000001,1.6,3,2024-03-19 18:00:00,287,1
749,13,12,699.31,58.27583333333333,1.3333333333333333,3,2024-01-07 02:00:00,359,1
750,22,11,378.3,34.39090909090909,1.0,3,2024-01-26 21:00:00,340,1
751,3,10,494.25,49.425,1.7,3,2024-01-05 04:00:00,361,1
752,8,10,579.64,57.964,1.4,3,2024-01-03 05:00:00,363,1
753,43,5,472.75,94.55,1.4,2,2024-06-02 12:00:00,212,0
754,65,9,953.12,105.90222222222222,1.5555555555555556,3,2024-04-16 13:00:00,259,0
755,49,12,464.51,38.70916666666667,1.0,2,2024-01-24 18:00:00,342,1
756,25,11,706.42,64.22,1.5454545454545454,3,2024-01-31 19:00:00,335,1
757,13,11,400.72,36.42909090909091,1.0909090909090908,3,2024-01-31 13:00:00,335,1
758,18,8,553.05,69.13125,1.625,3,2024-02-10 17:00:00,325,0
759,3,5,161.73000000000002,32.346000000000004,1.2,3,2024-01-12 02:00:00,354,0
760,1,12,687.51,57.2925,1.4166666666666667,3,2024-02-21 07:00:00,314,1
761,99,4,120.56,30.14,1.25,3,2024-02-12 08:00:00,323,0
762,12,10,361.65000000000003,36.165000000000006,1.3,3,2024-03-11 11:00:00,295,1
763,34,9,505.7,56.18888888888889,1.2222222222222223,3,2024-01-03 08:00:00,363,1
764,16,6,257.7,42.949999999999996,1.0,3,2024-01-07 23:00:00,359,0
765,21,9,539.63,59.958888888888886,1.8888888888888888,3,2024-01-07 12:00:00,359,1
766,61,4,280.42,70.105,1.0,2,2024-02-07 19:00:00,328,0
767,85,10,542.59,54.259,1.0,3,2024-03-15 02:00:00,291,0
768,3,10,839.9100000000001,83.99100000000001,1.2,3,2024-02-11 09:00:00,324,1
769,8,11,822.28,74.75272727272727,1.3636363636363635,3,2024-01-05 22:00:00,361,1
770,20,7,300.91,42.987142857142864,1.2857142857142858,3,2024-01-25 01:00:00,341,0
771,36,8,332.93,41.61625,1.0,3,2024-02-22 11:00:00,313,0
772,59,8,472.62,59.0775,1.375,2,2024-01-19 08:00:00,347,0
773,19,4,206.56,51.64,2.25,2,2024-05-10 14:00:00,235,0
774,25,7,498.10999999999996,71.15857142857142,1.5714285714285714,3,2024-04-15 18:00:00,260,0
775,10,6,179.79,29.965,1.1666666666666667,3,2024-02-03 23:00:00,332,0
776,36,7,278.71000000000004,39.81571428571429,1.2857142857142858,2,2024-02-12 09:00:00,323,0
777,5,8,477.35,59.66875,1.5,3,2024-02-07 22:00:00,328,0
778,49,7,352.05,50.292857142857144,1.1428571428571428,3,2024-01-09 04:00:00,357,0
779,98,4,234.29,58.5725,1.0,3,2024-02-04 22:00:00,331,0
780,58,11,502.86,45.71454545454546,1.2727272727272727,3,2024-01-03 17:00:00,363,1
781,26,6,260.68,43.446666666666665,1.0,3,2024-01-21 18:00:00,345,0
782,41,6,258.15999999999997,43.026666666666664,1.0,3,2024-05-31 01:00:00,214,0
783,9,7,390.52,55.78857142857142,1.0,3,2024-02-18 20:00:00,317,0
784,29,4,397.96000000000004,99.49000000000001,1.25,3,2024-03-07 06:00:00,299,0
785,193,2,95.61000000000001,47.80500000000001,1.5,2,2024-01-22 02:00:00,344,0
786,132,7,229.08,32.72571428571429,1.1428571428571428,3,2024-02-04 08:00:00,331,0
787,20,12,678.26,56.52166666666667,1.1666666666666667,3,2024-02-11 08:00:00,324,1
788,28,7,760.47,108.63857142857144,1.8571428571428572,3,2024-02-28 20:00:00,307,0
789,54,7,496.29,70.89857142857143,1.1428571428571428,3,2024-02-12 10:00:00,323,0
790,9,11,653.78,59.43454545454545,1.2727272727272727,3,2024-01-03 02:00:00,363,1
791,132,3,99.74,33.24666666666666,1.0,3,2024-03-20 13:00:00,286,0
792,30,6,321.89,53.64833333333333,1.3333333333333333,3,2024-01-11 08:00:00,355,0
793,113,5,430.49,86.098,1.6,2,2024-04-11 08:00:00,264,0
794,53,9,913.13,101.4588888888889,1.2222222222222223,3,2024-01-20 08:00:00,346,1
795,23,7,420.96,60.137142857142855,1.4285714285714286,3,2024-05-28 06:00:00,217,0
796,42,10,511.64,51.164,1.2,3,2024-04-18 11:00:00,257,1
797,10,10,899.81,89.981,1.6,3,2024-04-17 15:00:00,258,1
798,97,7,659.68,94.24,2.2857142857142856,3,2024-01-18 21:00:00,348,0
799,38,9,529.54,58.837777777777774,1.2222222222222223,3,2024-02-06 20:00:00,329,1
800,72,6,197.67,32.945,1.0,3,2024-01-16 15:00:00,350,0
801,126,2,150.23,75.115,1.0,1,2024-01-15 13:00:00,351,0
802,43,7,316.65999999999997,45.23714285714285,1.2857142857142858,3,2024-03-27 17:00:00,279,0
803,33,7,312.99,44.712857142857146,1.5714285714285714,3,2024-03-23 22:00:00,283,0
804,7,9,450.7,50.077777777777776,1.3333333333333333,3,2024-01-26 10:00:00,340,1
805,116,9,477.74,53.08222222222222,1.2222222222222223,3,2024-04-09 23:00:00,266,0
806,9,9,517.47,57.49666666666667,1.3333333333333333,3,2024-03-04 04:00:00,302,1
807,2,11,850.09,77.28090909090909,1.3636363636363635,3,2024-01-17 14:00:00,349,1
808,8,8,460.5,57.5625,1.125,2,2024-02-04 23:00:00,331,0
809,18,9,695.35,77.26111111111112,1.4444444444444444,3,2024-01-26 03:00:00,340,1
810,53,8,358.25,44.78125,1.0,3,2024-02-22 22:00:00,313,0
811,37,6,307.7,51.28333333333333,1.1666666666666667,3,2024-05-05 01:00:00,240,0
812,13,13,855.59,65.8146153846154,1.0769230769230769,3,2024-02-10 14:00:00,325,1
813,4,11,616.83,56.07545454545455,1.0,3,2024-02-05 22:00:00,330,1
814,13,10,479.25,47.925,1.5,3,2024-02-14 08:00:00,321,1
815,107,7,346.87,49.55285714285714,1.0,3,2024-02-22 09:00:00,313,0
816,24,9,753.27,83.69666666666666,1.4444444444444444,3,2024-04-05 04:00:00,270,1
817,106,4,507.74,126.935,2.0,2,2024-04-17 12:00:00,258,0
818,2,5,147.69,29.538,1.4,3,2024-01-10 22:00:00,356,0
819,104,4,145.79000000000002,36.447500000000005,1.0,2,2024-01-21 14:00:00,345,0
820,24,3,378.21000000000004,126.07000000000001,1.3333333333333333,1,2024-03-13 11:00:00,293,0
821,34,12,722.1,60.175000000000004,1.0833333333333333,3,2024-03-23 15:00:00,283,1
822,17,7,343.68,49.097142857142856,1.0,3,2024-05-21 13:00:00,224,0
823,60,6,202.25,33.708333333333336,1.0,3,2024-01-07 09:00:00,359,0
824,8,7,645.55,92.22142857142856,1.5714285714285714,3,2024-02-29 22:00:00,306,0
825,2,10,910.3,91.03,1.5,3,2024-01-03 05:00:00,363,1
826,26,10,675.2,67.52000000000001,1.4,3,2024-01-02 10:00:00,364,1
827,32,6,525.71,87.61833333333334,1.5,3,2024-08-01 01:00:00,152,0
828,8,9,784.73,87.19222222222223,1.3333333333333333,3,2024-03-17 22:00:00,289,1
829,33,7,318.53,45.50428571428571,1.5714285714285714,3,2024-01-27 05:00:00,339,0
830,71,10,1159.48,115.94800000000001,1.6,3,2024-01-29 06:00:00,337,0
831,29,10,1033.1,103.30999999999999,1.4,3,2024-01-22 14:00:00,344,1
832,45,8,619.99,77.49875,1.25,3,2024-01-02 06:00:00,364,0
833,86,3,394.45000000000005,131.48333333333335,1.3333333333333333,2,2024-03-10 10:00:00,296,0
834,20,10,350.90999999999997,35.090999999999994,1.1,3,2024-01-06 20:00:00,360,1
835,205,5,249.41000000000003,49.882000000000005,1.0,2,2024-04-07 11:00:00,268,0
836,6,13,656.35,50.48846153846154,1.0,3,2024-01-26 07:00:00,340,1
837,76,11,642.87,58.442727272727275,1.0909090909090908,3,2024-01-05 22:00:00,361,0
838,2,12,432.21000000000004,36.017500000000005,1.25,3,2024-01-01 04:00:00,365,1
839,20,10,298.95,29.895,1.0,3,2024-01-01 00:00:00,365,1
840,4,8,412.88,51.61,1.5,2,2024-05-06 09:00:00,239,0
841,9,8,482.88,60.36,1.125,3,2024-03-24 22:00:00,282,0
842,13,7,356.55999999999995,50.93714285714285,1.0,3,2024-07-19 13:00:00,165,0
843,35,11,605.66,55.059999999999995,1.4545454545454546,3,2024-01-29 09:00:00,337,1
844,20,7,462.44,66.06285714285714,1.4285714285714286,3,2024-03-07 02:00:00,299,0
845,18,8,668.76,83.595,1.625,3,2024-02-01 15:00:00,334,0
846,150,7,169.03,24.147142857142857,1.0,3,2024-01-27 09:00:00,339,0
847,58,8,626.34,78.2925,1.125,3,2024-02-05 22:00:00,330,0
848,34,6,520.14,86.69,1.1666666666666667,3,2024-03-06 21:00:00,300,0
849,39,13,604.1700000000001,46.47461538461539,1.5384615384615385,3,2024-01-14 08:00:00,352,1
850,8,12,629.91,52.4925,1.1666666666666667,3,2024-03-02 16:00:00,304,1
851,1,6,170.06,28.343333333333334,1.0,3,2024-01-03 21:00:00,363,0
852,125,7,349.28999999999996,49.89857142857142,1.5714285714285714,3,2024-03-27 19:00:00,279,0
853,8,12,809.0,67.41666666666667,1.0833333333333333,3,2024-01-11 15:00:00,355,1
854,2,7,301.24,43.034285714285716,1.7142857142857142,2,2024-04-27 10:00:00,248,0
855,26,9,604.02,67.11333333333333,1.2222222222222223,3,2024-01-05 20:00:00,361,1
856,79,7,595.05,85.00714285714285,1.0,3,2024-01-07 12:00:00,359,0
857,64,6,499.5,83.25,1.1666666666666667,3,2024-03-16 00:00:00,290,0
858,47,7,427.2,61.028571428571425,1.0,3,2024-01-19 06:00:00,347,0
859,97,5,193.14,38.628,1.0,2,2024-03-22 08:00:00,284,0
860,11,12,538.19,44.84916666666667,1.4166666666666667,3,2024-01-18 18:00:00,348,1
861,16,15,1101.83,73.45533333333333,1.4,3,2024-01-15 07:00:00,351,1
862,25,4,69.22,17.305,1.0,3,2024-10-01 07:00:00,91,0
863,11,8,515.9300000000001,64.49125000000001,1.125,3,2024-03-14 21:00:00,292,0
864,104,7,301.98,43.14,1.0,3,2024-01-12 07:00:00,354,0
865,61,9,351.71,39.07888888888888,1.2222222222222223,2,2024-01-18 12:00:00,348,0
866,57,6,374.94,62.49,1.1666666666666667,3,2024-01-15 08:00:00,351,0
867,5,6,495.17,82.52833333333334,1.1666666666666667,3,2024-02-16 01:00:00,319,0
868,93,10,485.39,48.539,1.1,3,2024-01-30 12:00:00,336,0
869,12,6,442.36,73.72666666666667,1.6666666666666667,3,2024-01-28 17:00:00,338,0
870,195,4,210.89,52.7225,1.25,3,2024-01-29 22:00:00,337,0
871,22,10,691.29,69.12899999999999,1.5,3,2024-01-28 08:00:00,338,1
872,35,6,384.13,64.02166666666666,1.0,3,2024-03-03 17:00:00,303,0
873,6,7,539.13,77.01857142857143,1.2857142857142858,2,2024-02-07 21:00:00,328,0
874,27,5,449.29,89.858,1.8,2,2024-04-20 02:00:00,255,0
875,8,4,230.3,57.575,1.25,2,2024-04-07 21:00:00,268,0
876,43,5,188.52,37.704,1.0,3,2024-01-12 03:00:00,354,0
877,20,10,744.81,74.481,1.3,3,2024-01-05 22:00:00,361,1
878,21,12,1002.87,83.5725,1.1666666666666667,3,2024-02-22 23:00:00,313,1
879,43,14,712.41,50.88642857142857,1.3571428571428572,3,2024-01-19 09:00:00,347,1
880,20,5,237.60999999999999,47.522,1.4,3,2024-01-19 22:00:00,347,0
881,65,7,411.99,58.855714285714285,1.4285714285714286,3,2024-02-18 09:00:00,317,0
882,5,8,580.27,72.53375,1.25,3,2024-01-25 12:00:00,341,0
883,4,9,574.94,63.882222222222225,1.3333333333333333,3,2024-03-04 02:00:00,302,1
884,78,9,723.98,80.44222222222223,1.5555555555555556,3,2024-02-27 23:00:00,308,0
885,38,5,588.46,117.69200000000001,1.6,3,2024-02-07 02:00:00,328,0
886,5,5,292.96,58.592,1.0,2,2024-01-04 19:00:00,362,0
887,13,8,490.25,61.28125,1.375,3,2024-01-03 01:00:00,363,0
888,22,6,445.67,74.27833333333334,1.1666666666666667,3,2024-01-11 12:00:00,355,0
889,40,7,356.06,50.86571428571428,1.0,3,2024-02-15 14:00:00,320,0
890,8,14,610.43,43.60214285714285,1.0714285714285714,3,2024-01-03 11:00:00,363,1
891,20,6,760.6899999999999,126.78166666666665,1.5,3,2024-02-04 00:00:00,331,0
892,217,6,487.98,81.33,1.3333333333333333,2,2024-01-01 08:00:00,365,0
893,128,7,244.07,34.86714285714286,1.5714285714285714,3,2024-01-08 04:00:00,358,0
894,39,3,335.16999999999996,111.72333333333331,1.6666666666666667,2,2024-02-24 21:00:00,311,0
895,21,4,487.0400000000001,121.76000000000002,1.5,3,2024-05-11 19:00:00,234,0
896,10,10,573.95,57.395,1.2,3,2024-01-18 05:00:00,348,1
897,25,10,628.38,62.838,1.2,3,2024-01-18 13:00:00,348,1
898,24,7,326.7,46.67142857142857,1.2857142857142858,3,2024-06-17 13:00:00,197,0
899,4,14,552.0,39.42857142857143,1.1428571428571428,3,2024-01-12 14:00:00,354,1
900,97,5,240.12,48.024,1.6,3,2024-04-05 12:00:00,270,0
901,49,7,406.2,58.028571428571425,1.2857142857142858,2,2024-02-20 20:00:00,315,0
902,1,15,1087.3,72.48666666666666,1.1333333333333333,3,2024-01-13 21:00:00,353,1
903,28,7,406.39,58.05571428571428,1.0,3,2024-05-10 13:00:00,235,0
904,96,5,297.11,59.422000000000004,1.0,2,2024-01-08 22:00:00,358,0
905,75,8,359.05,44.88125,1.125,2,2024-01-20 20:00:00,346,0
906,68,7,263.82,37.68857142857143,1.4285714285714286,3,2024-02-11 08:00:00,324,0
907,32,8,719.03,89.87875,1.0,3,2024-02-15 04:00:00,320,0
908,9,18,946.21,52.56722222222223,1.2222222222222223,3,2024-01-13 08:00:00,353,1
909,87,7,174.14,24.877142857142854,1.1428571428571428,3,2024-01-31 01:00:00,335,0
910,68,4,359.27,89.8175,1.5,2,2024-01-11 11:00:00,355,0
911,20,8,488.57,61.07125,1.5,3,2024-01-06 23:00:00,360,0
912,161,4,203.47,50.8675,1.25,2,2024-01-05 23:00:00,361,0
913,296,3,105.23,35.07666666666667,1.0,2,2024-01-13 00:00:00,353,0
914,30,8,407.71000000000004,50.963750000000005,1.5,3,2024-02-03 14:00:00,332,0
915,3,12,564.04,47.00333333333333,1.1666666666666667,3,2024-01-14 22:00:00,352,1
916,45,8,501.39,62.67375,1.0,3,2024-01-14 22:00:00,352,0
917,50,8,413.45,51.68125,1.25,3,2024-01-07 19:00:00,359,0
918,109,8,484.54,60.5675,1.25,2,2024-03-08 13:00:00,298,0
919,29,10,709.79,70.979,1.1,3,2024-01-09 19:00:00,357,1
920,28,9,481.34000000000003,53.48222222222223,1.5555555555555556,3,2024-01-30 13:00:00,336,1
921,29,7,800.3000000000001,114.32857142857144,1.7142857142857142,3,2024-02-18 01:00:00,317,0
922,91,9,414.32,46.035555555555554,1.0,3,2024-03-03 19:00:00,303,0
923,22,9,514.51,57.16777777777778,1.2222222222222223,3,2024-03-13 14:00:00,293,1
924,17,8,704.33,88.04125,1.25,2,2024-03-17 17:00:00,289,0
925,7,9,485.39,53.93222222222222,1.5555555555555556,2,2024-03-15 23:00:00,291,1
926,20,11,718.5,65.31818181818181,1.5454545454545454,3,2024-04-19 12:00:00,256,1
927,18,11,371.73,33.79363636363637,1.0909090909090908,3,2024-02-28 13:00:00,307,1
928,20,4,400.83,100.2075,2.0,2,2024-01-22 15:00:00,344,0
929,50,8,526.97,65.87125,1.0,3,2024-02-14 04:00:00,321,0
930,67,7,762.62,108.94571428571429,1.4285714285714286,2,2024-06-15 09:00:00,199,0
931,3,10,617.3,61.73,1.1,3,2024-02-12 17:00:00,323,1
932,141,6,743.44,123.90666666666668,1.5,3,2024-01-12 23:00:00,354,0
933,45,7,652.4200000000001,93.20285714285716,1.2857142857142858,3,2024-05-12 14:00:00,233,0
934,29,9,404.67,44.96333333333334,1.3333333333333333,3,2024-01-03 19:00:00,363,1
935,43,8,504.96,63.12,1.375,2,2024-01-26 15:00:00,340,0
936,1,11,736.2099999999999,66.92818181818181,1.8181818181818181,3,2024-03-26 00:00:00,280,1
937,7,11,1072.77,97.52454545454545,1.8181818181818181,3,2024-02-12 01:00:00,323,1
938,11,9,308.38,34.26444444444444,1.3333333333333333,3,2024-01-29 21:00:00,337,1
939,48,12,746.14,62.178333333333335,1.25,3,2024-02-09 06:00:00,326,1
940,23,11,637.72,57.974545454545456,1.2727272727272727,3,2024-04-13 20:00:00,262,1
941,98,8,701.71,87.71375,1.625,3,2024-02-14 04:00:00,321,0
942,65,4,287.96000000000004,71.99000000000001,1.5,3,2024-01-29 05:00:00,337,0
943,28,13,968.97,74.53615384615385,1.1538461538461537,3,2024-02-07 00:00:00,328,1
944,97,7,368.56,52.651428571428575,1.1428571428571428,3,2024-03-31 21:00:00,275,0
945,8,9,426.7,47.41111111111111,1.2222222222222223,3,2024-02-26 03:00:00,309,1
946,68,9,1091.03,121.22555555555556,1.6666666666666667,3,2024-01-13 13:00:00,353,0
947,12,10,805.0,80.5,1.5,3,2024-01-02 18:00:00,364,1
948,22,9,350.27,38.91888888888889,1.0,3,2024-03-13 14:00:00,293,1
949,2,10,325.78,32.577999999999996,1.2,3,2024-01-15 14:00:00,351,1
950,41,11,985.85,89.62272727272727,1.5454545454545454,3,2024-01-09 16:00:00,357,1
951,10,7,369.07,52.72428571428571,1.0,3,2024-01-24 22:00:00,342,0
952,11,12,681.39,56.7825,1.5833333333333333,3,2024-01-01 05:00:00,365,1
953,97,4,326.65000000000003,81.66250000000001,2.25,2,2024-01-12 09:00:00,354,0
954,37,12,797.91,66.49249999999999,1.0,3,2024-01-03 11:00:00,363,1
955,13,9,675.78,75.08666666666666,1.1111111111111112,3,2024-03-09 13:00:00,297,1
956,47,7,697.8399999999999,99.69142857142856,1.2857142857142858,3,2024-01-21 22:00:00,345,0
957,2,10,454.15999999999997,45.416,1.3,3,2024-01-17 09:00:00,349,1
958,30,11,578.44,52.58545454545455,1.0,3,2024-04-03 17:00:00,272,1
959,29,11,606.1,55.1,1.0909090909090908,3,2024-01-23 08:00:00,343,1
960,11,9,826.16,91.79555555555555,1.4444444444444444,3,2024-01-03 19:00:00,363,1
961,9,5,129.91000000000003,25.982000000000006,1.0,2,2024-01-06 10:00:00,360,0
962,91,8,436.90999999999997,54.613749999999996,1.125,3,2024-01-01 19:00:00,365,0
963,14,11,533.18,48.47090909090909,1.5454545454545454,3,2024-02-24 15:00:00,311,1
964,34,4,212.56,53.14,1.25,3,2024-04-24 06:00:00,251,0
965,4,6,328.0,54.666666666666664,1.3333333333333333,2,2024-01-25 17:00:00,341,0
966,15,9,353.83,39.31444444444444,1.0,3,2024-02-06 13:00:00,329,1
967,109,11,671.97,61.08818181818182,1.2727272727272727,3,2024-03-19 18:00:00,287,0
968,9,10,317.26,31.726,1.0,3,2024-02-18 15:00:00,317,1
969,2,9,588.78,65.42,1.4444444444444444,3,2024-05-17 21:00:00,228,1
970,92,10,661.6999999999999,66.16999999999999,1.6,3,2024-01-10 19:00:00,356,0
971,45,12,630.19,52.51583333333334,1.5,3,2024-01-08 03:00:00,358,1
972,109,4,218.67,54.6675,1.25,2,2024-02-03 07:00:00,332,0
973,5,7,230.98,32.997142857142855,1.4285714285714286,3,2024-01-01 23:00:00,365,0
974,106,5,336.03,67.20599999999999,1.2,3,2024-02-04 03:00:00,331,0
975,97,5,303.54999999999995,60.709999999999994,1.4,2,2024-01-26 11:00:00,340,0
976,19,5,179.01,35.802,1.4,3,2024-02-23 22:00:00,312,0
977,24,5,231.27,46.254000000000005,1.2,2,2024-01-03 16:00:00,363,0
978,71,7,365.29,52.184285714285714,1.2857142857142858,3,2024-01-04 22:00:00,362,0
979,14,13,1009.08,77.62153846153846,1.3846153846153846,3,2024-01-06 01:00:00,360,1
980,93,4,220.74,55.185,1.5,3,2024-06-29 20:00:00,185,0
981,50,11,593.74,53.97636363636364,1.2727272727272727,3,2024-01-01 11:00:00,365,1
982,18,3,163.19,54.39666666666667,1.0,2,2024-03-11 12:00:00,295,0
983,15,8,521.76,65.22,1.5,3,2024-01-21 20:00:00,345,0
984,31,8,711.01,88.87625,1.375,3,2024-01-14 22:00:00,352,0
985,72,9,596.76,66.30666666666667,1.2222222222222223,2,2024-01-25 13:00:00,341,0
986,128,6,380.26,63.376666666666665,1.3333333333333333,2,2024-01-12 17:00:00,354,0
987,6,7,429.97999999999996,61.42571428571428,1.1428571428571428,3,2024-03-07 03:00:00,299,0
988,56,15,1320.92,88.06133333333334,1.4,3,2024-02-19 15:00:00,316,1
989,81,8,295.77,36.97125,1.0,3,2024-04-01 05:00:00,274,0
990,134,8,329.61,41.20125,1.25,3,2024-02-13 03:00:00,322,0
991,16,6,559.5,93.25,1.5,3,2024-02-06 05:00:00,329,0
992,51,14,1537.24,109.80285714285715,1.7142857142857142,3,2024-01-18 16:00:00,348,1
993,6,12,455.87,37.98916666666667,1.1666666666666667,3,2024-01-01 06:00:00,365,1
994,33,10,568.2099999999999,56.82099999999999,1.1,3,2024-01-19 22:00:00,347,1
995,40,5,407.21,81.442,1.4,3,2024-01-03 03:00:00,363,0
996,56,6,334.95,55.824999999999996,1.0,3,2024-01-05 04:00:00,361,0
997,43,6,331.09,55.181666666666665,1.0,2,2024-02-22 04:00:00,313,0
998,64,6,578.3,96.38333333333333,1.6666666666666667,3,2024-02-10 17:00:00,325,0
999,49,7,257.69,36.81285714285714,1.4285714285714286,2,2024-01-10 09:00:00,356,0
1000,53,4,234.0,58.5,1.25,2,2024-08-06 20:00:00,147,0
